"old_url","new_path","type"
"https://www.paulcee.co.uk/about-us.html","/about-us/","page"
"https://www.paulcee.co.uk/anderson-carbon-fibre-shafts.php","/anderson-carbon-fibre-shafts/","page"
"https://www.paulcee.co.uk/beginners-guide-to-metal-detecting.html","/beginners-guide-to-metal-detecting/","page"
"https://www.paulcee.co.uk/coiltek-nox-18-inch-coil.html","/coiltek-nox-18-inch-coil/","page"
"https://www.paulcee.co.uk/contact.php","/contact/","page"
"https://www.paulcee.co.uk/crawfords-metal-detectors.html","/crawfords-metal-detectors/","page"
"https://www.paulcee.co.uk/ctx3030.html","/ctx3030/","page"
"https://www.paulcee.co.uk/detecting-accessories.html","/detecting-accessories/","page"
"https://www.paulcee.co.uk/detecting-rallies-2026.php","/detecting-rallies-2026/","page"
"https://www.paulcee.co.uk/detectival.html","/detectival/","page"
"https://www.paulcee.co.uk/emite-r-sand-scoops.html","/emite-r-sand-scoops/","page"
"https://www.paulcee.co.uk/evolution-spade.html","/evolution-spade/","page"
"https://www.paulcee.co.uk/index.php","/","page"
"https://www.paulcee.co.uk/links.html","/links/","page"
"https://www.paulcee.co.uk/manticore-m8-vs-m9-coil.html","/manticore-m8-vs-m9-coil/","page"
"https://www.paulcee.co.uk/manticore-settings.html","/manticore-settings/","page"
"https://www.paulcee.co.uk/minelab-500-rally.html","/minelab-500-rally/","page"
"https://www.paulcee.co.uk/minelab-equinox.html","/minelab-equinox/","page"
"https://www.paulcee.co.uk/minelab-manticore-big-coils.html","/minelab-manticore-big-coils/","page"
"https://www.paulcee.co.uk/minelab-manticore.html","/minelab-manticore/","page"
"https://www.paulcee.co.uk/minelab-pro-find.html","/minelab-pro-find/","page"
"https://www.paulcee.co.uk/minelab-vanquish-40-series.html","/minelab-vanquish-40-series/","page"
"https://www.paulcee.co.uk/minelab-vanquish-60-series.html","/minelab-vanquish-60-series/","page"
"https://www.paulcee.co.uk/minelab-vanquish-60-settings.html","/minelab-vanquish-60-settings/","page"
"https://www.paulcee.co.uk/minelab-x-terra.html","/minelab-x-terra/","page"
"https://www.paulcee.co.uk/old-maps-for-metal-detecting.html","/old-maps-for-metal-detecting/","page"
"https://www.paulcee.co.uk/privacy.html","/privacy/","page"
"https://www.paulcee.co.uk/sand-scoops-for-metal-detecting.php","/sand-scoops-for-metal-detecting/","page"
"https://www.paulcee.co.uk/shop.php","/shop/","page"
"https://www.paulcee.co.uk/social-sites.html","/social-sites/","page"
"https://www.paulcee.co.uk/swagier-scoop.html","/swagier-scoop/","page"
"https://www.paulcee.co.uk/top-5-beginners-metal-detectors.html","/top-5-beginners-metal-detectors/","page"
"https://www.paulcee.co.uk/blog/?why-metal-detectorists-love-finding-medieval-hammered-coins","/blog/why-metal-detectorists-love-finding-medieval-hammered-coins/","post"
"https://www.paulcee.co.uk/blog/?the-ultimate-beginner-metal-detector-guide","/blog/the-ultimate-beginner-metal-detector-guide/","post"
"https://www.paulcee.co.uk/blog/?gold-panning-in-the-uk-complete-guide","/blog/gold-panning-in-the-uk-complete-guide/","post"
"https://www.paulcee.co.uk/blog/?how-to-get-permission-to-metal-detect","/blog/how-to-get-permission-to-metal-detect/","post"
"https://www.paulcee.co.uk/blog/?metal-detecting-rallys","/blog/metal-detecting-rallys/","post"
"https://www.paulcee.co.uk/blog/?essential-minelab-manticore-accessories","/blog/essential-minelab-manticore-accessories/","post"
"https://www.paulcee.co.uk/blog/?ancient-gold-coin-found-metal-detecting","/blog/ancient-gold-coin-found-metal-detecting/","post"
"https://www.paulcee.co.uk/blog/?be-successful-metal-detecting-beach","/blog/be-successful-metal-detecting-beach/","post"
"https://www.paulcee.co.uk/blog/?coiltek-nox-10inch-coil-review","/blog/coiltek-nox-10inch-coil-review/","post"
"https://www.paulcee.co.uk/blog/?manticore-ferrous-limits","/blog/manticore-ferrous-limits/","post"
"https://www.paulcee.co.uk/blog/?minelab-manticore-settings","/blog/minelab-manticore-settings/","post"
"https://www.paulcee.co.uk/blog/?minelab-voyager-how-to-use","/blog/minelab-voyager-how-to-use/","post"
"https://www.paulcee.co.uk/blog/?minelab-x-terra-pro","/blog/minelab-x-terra-pro/","post"
"https://www.paulcee.co.uk/blog/?minelab-equinox-900-recovery-speed","/blog/minelab-equinox-900-recovery-speed/","post"
"https://www.paulcee.co.uk/blog/?vanquish-340-vs-simplex","/blog/vanquish-340-vs-simplex/","post"
"https://www.paulcee.co.uk/blog/?clean-corroded-old-copper-coins","/blog/clean-corroded-old-copper-coins/","post"
"https://www.paulcee.co.uk/blog/?equinox-iron-bias","/blog/equinox-iron-bias/","post"
"https://www.paulcee.co.uk/blog/?minelab-equinox-hammered-coin-setting","/blog/minelab-equinox-hammered-coin-setting/","post"
"https://www.paulcee.co.uk/blog/?best-sand-scoop-beach-metal-detecting","/blog/best-sand-scoop-beach-metal-detecting/","post"
"https://www.paulcee.co.uk/blog/?beginners-guide-to-metal-detecting-in-the-uk","/blog/beginners-guide-to-metal-detecting-in-the-uk/","post"
"https://www.paulcee.co.uk/blog/?a-beginner-s-guide-to-the-minelab-manticore-s-2d-screen","/blog/a-beginner-s-guide-to-the-minelab-manticore-s-2d-screen/","post"
"https://www.paulcee.co.uk/blog/?minelab-vanquish-560","/blog/minelab-vanquish-560/","post"
"https://www.paulcee.co.uk/blog/?minelab-vanquish-how-to-use","/blog/minelab-vanquish-how-to-use/","post"
"https://www.paulcee.co.uk/blog/?minelab-manticore-uk-beach-settings","/blog/minelab-manticore-uk-beach-settings/","post"
"https://www.paulcee.co.uk/blog/?rnb-power-x-review","/blog/rnb-power-x-review/","post"
"https://www.paulcee.co.uk/blog/?ultimate-x-terra-elite-guide","/blog/ultimate-x-terra-elite-guide/","post"
"https://www.paulcee.co.uk/blog/?minelab-manticore-m9-coil-review","/blog/minelab-manticore-m9-coil-review/","post"
"https://www.paulcee.co.uk/blog/?coiltek-manticore-mythtek-18-review","/blog/coiltek-manticore-mythtek-18-review/","post"
"https://www.paulcee.co.uk/blog/?minelab-x-terra-elite","/blog/minelab-x-terra-elite/","post"
"https://www.paulcee.co.uk/blog/?detectival-2024","/blog/detectival-2024/","post"
"https://www.paulcee.co.uk/blog/?metal-detecting-gold-watch","/blog/metal-detecting-gold-watch/","post"
"https://www.paulcee.co.uk/blog/?coil-strengtheners-3d-printed","/blog/coil-strengtheners-3d-printed/","post"
"https://www.paulcee.co.uk/blog/?choose-the-right-search-coil","/blog/choose-the-right-search-coil/","post"
"https://www.paulcee.co.uk/blog/?metal-detector-large-case","/blog/metal-detector-large-case/","post"
"https://www.paulcee.co.uk/blog/?minelab-manticore-ground-balance","/blog/minelab-manticore-ground-balance/","post"
"https://www.paulcee.co.uk/blog/?diamond-tester-for-metal-detecting","/blog/diamond-tester-for-metal-detecting/","post"
"https://www.paulcee.co.uk/blog/?equinox-900-best-settings","/blog/equinox-900-best-settings/","post"
"https://www.paulcee.co.uk/blog/?equinox-vibrate-settings","/blog/equinox-vibrate-settings/","post"
"https://www.paulcee.co.uk/blog/?minelab-equinox-900-and-700-reset","/blog/minelab-equinox-900-and-700-reset/","post"
"https://www.paulcee.co.uk/blog/?manticore-audio-themes","/blog/manticore-audio-themes/","post"
"https://www.paulcee.co.uk/blog/?minelab-manticore-recovery-speed","/blog/minelab-manticore-recovery-speed/","post"
"https://www.paulcee.co.uk/blog/?minelab-wm09-wireless-adapter","/blog/minelab-wm09-wireless-adapter/","post"
"https://www.paulcee.co.uk/blog/?why-detectors-miss-targets","/blog/why-detectors-miss-targets/","post"
"https://www.paulcee.co.uk/blog/?coiltek-nox-18-coil","/blog/coiltek-nox-18-coil/","post"
"https://www.paulcee.co.uk/blog/?pro-find-40-settings","/blog/pro-find-40-settings/","post"
"https://www.paulcee.co.uk/blog/?minelab-x-terra-voyager","/blog/minelab-x-terra-voyager/","post"
"https://www.paulcee.co.uk/blog/?manticore-dealing-with-emi","/blog/manticore-dealing-with-emi/","post"
"https://www.paulcee.co.uk/blog/?metal-detecting-pow-camp","/blog/metal-detecting-pow-camp/","post"
"https://www.paulcee.co.uk/blog/?cmd-gift-voucher","/blog/cmd-gift-voucher/","post"
"https://www.paulcee.co.uk/blog/?unveiling-the-power-of-the-minelab-manticore-m8-coil","/blog/unveiling-the-power-of-the-minelab-manticore-m8-coil/","post"
"https://www.paulcee.co.uk/blog/?minelab-manticore-ferrous-limits","/blog/minelab-manticore-ferrous-limits/","post"
"https://www.paulcee.co.uk/blog/?equinox-900-setting-up","/blog/equinox-900-setting-up/","post"
"https://www.paulcee.co.uk/blog/?how-to-fit-tele-knox-handle","/blog/how-to-fit-tele-knox-handle/","post"
"https://www.paulcee.co.uk/blog/?minelab-vanquish-beginner-tutorials","/blog/minelab-vanquish-beginner-tutorials/","post"
"https://www.paulcee.co.uk/blog/?minelab-vanquish-dig-less-iron","/blog/minelab-vanquish-dig-less-iron/","post"
"https://www.paulcee.co.uk/blog/?minelab-metal-detector-training","/blog/minelab-metal-detector-training/","post"
"https://www.paulcee.co.uk/blog/?looking-after-a-metal-detector","/blog/looking-after-a-metal-detector/","post"
"https://www.paulcee.co.uk/blog/?minelab-equinox-600-best-offer","/blog/minelab-equinox-600-best-offer/","post"
"https://www.paulcee.co.uk/blog/?metal-detector-for-kids","/blog/metal-detector-for-kids/","post"
"https://www.paulcee.co.uk/blog/?minelab-vanquish-540-offer","/blog/minelab-vanquish-540-offer/","post"
"https://www.paulcee.co.uk/blog/?how-to-pair-minelab-headphones","/blog/how-to-pair-minelab-headphones/","post"
"https://www.paulcee.co.uk/blog/?minelab-vanquish-straight-shaft","/blog/minelab-vanquish-straight-shaft/","post"
"https://www.paulcee.co.uk/blog/?beach-detecting-tips","/blog/beach-detecting-tips/","post"
"https://www.paulcee.co.uk/blog/?best-places-to-metal-detect","/blog/best-places-to-metal-detect/","post"
"https://www.paulcee.co.uk/blog/?minelab-equinox-best-settings-uk","/blog/minelab-equinox-best-settings-uk/","post"
"https://www.paulcee.co.uk/blog/?electrolysis-coin-cleaning","/blog/electrolysis-coin-cleaning/","post"
"https://www.paulcee.co.uk/blog/?evo-6000-review","/blog/evo-6000-review/","post"
"https://www.paulcee.co.uk/blog/?coiltek-nox-15-inch-coil-review","/blog/coiltek-nox-15-inch-coil-review/","post"
"https://www.paulcee.co.uk/blog/?cheap-metal-detecting-spades","/blog/cheap-metal-detecting-spades/","post"
"https://www.paulcee.co.uk/blog/?amazing-beach-detecting-find","/blog/amazing-beach-detecting-find/","post"
"https://www.paulcee.co.uk/blog/?motley-sandscoop","/blog/motley-sandscoop/","post"
"https://www.paulcee.co.uk/blog/?minelab-equinox-discrimination","/blog/minelab-equinox-discrimination/","post"
"https://www.paulcee.co.uk/blog/?coiltek-nox-coil-review","/blog/coiltek-nox-coil-review/","post"
"https://www.paulcee.co.uk/blog/?which-beginner-metal-detector-is-best","/blog/which-beginner-metal-detector-is-best/","post"
"https://www.paulcee.co.uk/blog/?coiltek-nox-10-inch-coil","/blog/coiltek-nox-10-inch-coil/","post"
"https://www.paulcee.co.uk/blog/?beach-metal-detecting-tips-uk","/blog/beach-metal-detecting-tips-uk/","post"
"https://www.paulcee.co.uk/blog/?emiter-sandscoops","/blog/emiter-sandscoops/","post"
"https://www.paulcee.co.uk/blog/?minelab-pro-find-user-guide","/blog/minelab-pro-find-user-guide/","post"
"https://www.paulcee.co.uk/blog/?metal-detectors-used-in-the-grand-tour","/blog/metal-detectors-used-in-the-grand-tour/","post"
"https://www.paulcee.co.uk/blog/?new-minelab-vanquish-battery","/blog/new-minelab-vanquish-battery/","post"
"https://www.paulcee.co.uk/blog/?why-minelab-equinox","/blog/why-minelab-equinox/","post"
"https://www.paulcee.co.uk/blog/?minelab-vanquish-iron-volume","/blog/minelab-vanquish-iron-volume/","post"
"https://www.paulcee.co.uk/blog/?minelab-vanquish-software-update","/blog/minelab-vanquish-software-update/","post"
"https://www.paulcee.co.uk/blog/?minelab-equinox-update-latest","/blog/minelab-equinox-update-latest/","post"
"https://www.paulcee.co.uk/blog/?minelab-vanquish-headphones-loud","/blog/minelab-vanquish-headphones-loud/","post"
"https://www.paulcee.co.uk/blog/?minelab-equinox-v3-update-2020-4khz-added","/blog/minelab-equinox-v3-update-2020-4khz-added/","post"
"https://www.paulcee.co.uk/blog/?minelab-vanquish-headphones","/blog/minelab-vanquish-headphones/","post"
"https://www.paulcee.co.uk/blog/?anderson-neptune-2-part-carbon-sandscoop-shaft-uk","/blog/anderson-neptune-2-part-carbon-sandscoop-shaft-uk/","post"
"https://www.paulcee.co.uk/blog/?minelab-vanquish-faint-signals","/blog/minelab-vanquish-faint-signals/","post"
"https://www.paulcee.co.uk/blog/?minelab-equinox-carbon-shaft-review","/blog/minelab-equinox-carbon-shaft-review/","post"
"https://www.paulcee.co.uk/blog/?minelab-vanquish-440-beach-detecting","/blog/minelab-vanquish-440-beach-detecting/","post"
"https://www.paulcee.co.uk/blog/?minelab-vanquish-beginners-learning","/blog/minelab-vanquish-beginners-learning/","post"
"https://www.paulcee.co.uk/blog/?minelab-vanquish-440-beach-detecting-uk","/blog/minelab-vanquish-440-beach-detecting-uk/","post"
"https://www.paulcee.co.uk/blog/?vanquish-vs-simplex-beach-detecting","/blog/vanquish-vs-simplex-beach-detecting/","post"
"https://www.paulcee.co.uk/blog/?minelab-vanquish-pin-pointing-method","/blog/minelab-vanquish-pin-pointing-method/","post"
"https://www.paulcee.co.uk/blog/?minelab-vanquish-340-discrimination-settings","/blog/minelab-vanquish-340-discrimination-settings/","post"
"https://www.paulcee.co.uk/blog/?minelab-ctx-3030-beach-program","/blog/minelab-ctx-3030-beach-program/","post"
"https://www.paulcee.co.uk/blog/?ctx-3030-beach-metal-detecting-deep-gold","/blog/ctx-3030-beach-metal-detecting-deep-gold/","post"
"https://www.paulcee.co.uk/blog/?metal-detecting-uk-beach-gold","/blog/metal-detecting-uk-beach-gold/","post"
"https://www.paulcee.co.uk/blog/?coiltek-14x9-ctx3030-coil","/blog/coiltek-14x9-ctx3030-coil/","post"
"https://www.paulcee.co.uk/blog/?ctx3030-silver-coins-beach-detecting","/blog/ctx3030-silver-coins-beach-detecting/","post"
"https://www.paulcee.co.uk/blog/?metal-detecting-and-treasure-hunting-finds","/blog/metal-detecting-and-treasure-hunting-finds/","post"
"https://www.paulcee.co.uk/blog/?metal-detecting-beach-uk-finds","/blog/metal-detecting-beach-uk-finds/","post"
"https://www.paulcee.co.uk/blog/?good-finds-metal-detecting-uk","/blog/good-finds-metal-detecting-uk/","post"
"https://www.paulcee.co.uk/blog/?armani-and-diamonds-metal-detecting-bournemouth","/blog/armani-and-diamonds-metal-detecting-bournemouth/","post"
"https://www.paulcee.co.uk/blog/?hammered-coins-found-metal-detecting","/blog/hammered-coins-found-metal-detecting/","post"
"https://www.paulcee.co.uk/blog/?ctx-3030-and-17-inch-coil","/blog/ctx-3030-and-17-inch-coil/","post"
"https://www.paulcee.co.uk/blog/?minelab-vanquish-sensitivity-settings","/blog/minelab-vanquish-sensitivity-settings/","post"
"https://www.paulcee.co.uk/blog/?metal-detecting-best-finds","/blog/metal-detecting-best-finds/","post"
"https://www.paulcee.co.uk/blog/?minelab-vanquish-340-or-vanquish-540","/blog/minelab-vanquish-340-or-vanquish-540/","post"
"https://www.paulcee.co.uk/blog/?minelab-vanquish-340-metal-detecting","/blog/minelab-vanquish-340-metal-detecting/","post"
"https://www.paulcee.co.uk/blog/?metal-detecting-uk-beach","/blog/metal-detecting-uk-beach/","post"
"https://www.paulcee.co.uk/blog/?lakeside-nature-reserve","/blog/lakeside-nature-reserve/","post"
"https://www.paulcee.co.uk/blog/?best-sand-scoops-for-metal-detecting-beach","/blog/best-sand-scoops-for-metal-detecting-beach/","post"
"https://www.paulcee.co.uk/blog/?detecting-storm-ciara","/blog/detecting-storm-ciara/","post"
"https://www.paulcee.co.uk/blog/?minelab-vanquish-540","/blog/minelab-vanquish-540/","post"
"https://www.paulcee.co.uk/blog/?minelab-vanquish-beach","/blog/minelab-vanquish-beach/","post"
"https://www.paulcee.co.uk/blog/?old-maps-for-metal-detecting","/blog/old-maps-for-metal-detecting/","post"
"https://www.paulcee.co.uk/blog/?how-to-update-minelab-equinox","/blog/how-to-update-minelab-equinox/","post"
"https://www.paulcee.co.uk/blog/?minelab-vanquish-setup","/blog/minelab-vanquish-setup/","post"
"https://www.paulcee.co.uk/blog/?equinox-update-2019-test","/blog/equinox-update-2019-test/","post"
"https://www.paulcee.co.uk/blog/?minelab-vanquish-540-test","/blog/minelab-vanquish-540-test/","post"
"https://www.paulcee.co.uk/blog/?minelab-vanquish","/blog/minelab-vanquish/","post"
"https://www.paulcee.co.uk/blog/?equinox-power-bank","/blog/equinox-power-bank/","post"
"https://www.paulcee.co.uk/blog/?cut-hammered-coins","/blog/cut-hammered-coins/","post"
"https://www.paulcee.co.uk/blog/?celtic-silver-coin","/blog/celtic-silver-coin/","post"
"https://www.paulcee.co.uk/blog/?jersey-liberation-coins","/blog/jersey-liberation-coins/","post"
"https://www.paulcee.co.uk/blog/?ctx3030-beach-detecting-deep-old-coins-and-ring","/blog/ctx3030-beach-detecting-deep-old-coins-and-ring/","post"
"https://www.paulcee.co.uk/blog/?equinox-800-5-hammered-coins","/blog/equinox-800-5-hammered-coins/","post"
"https://www.paulcee.co.uk/blog/?more-gold-from-the-beach-with-the-ctx3030","/blog/more-gold-from-the-beach-with-the-ctx3030/","post"
"https://www.paulcee.co.uk/blog/?ctx3030-and-the-6-coil-beach-detecting-in-iron","/blog/ctx3030-and-the-6-coil-beach-detecting-in-iron/","post"
"https://www.paulcee.co.uk/blog/?good-gold-ring-beach-metal-detect","/blog/good-gold-ring-beach-metal-detect/","post"
"https://www.paulcee.co.uk/blog/?gold-coins-ring-bullet-beach-metal-detecting","/blog/gold-coins-ring-bullet-beach-metal-detecting/","post"
"https://www.paulcee.co.uk/blog/?where-to-metal-detect-cuts-on-the-beach-seahunter-mk2-ctx-3030-settings","/blog/where-to-metal-detect-cuts-on-the-beach-seahunter-mk2-ctx-3030-settings/","post"
"https://www.paulcee.co.uk/blog/?ctx3030-and-xp-deus-metal-detecting-skegness-lincolnshire","/blog/ctx3030-and-xp-deus-metal-detecting-skegness-lincolnshire/","post"
"https://www.paulcee.co.uk/blog/?gold-ring-and-big-silver-coin-purse-finds","/blog/gold-ring-and-big-silver-coin-purse-finds/","post"
"https://www.paulcee.co.uk/blog/?ctx3030-and-xpdeus-beach-metal-detecting","/blog/ctx3030-and-xpdeus-beach-metal-detecting/","post"
"https://www.paulcee.co.uk/blog/?rings-and-coins-water-beach-detecting-ctx3030","/blog/rings-and-coins-water-beach-detecting-ctx3030/","post"
"https://www.paulcee.co.uk/blog/?ring-from-lincolnshire-beach-with-the-ctx3030-anderson-neptune-carbon-fiber-shaft-t-rex","/blog/ring-from-lincolnshire-beach-with-the-ctx3030-anderson-neptune-carbon-fiber-shaft-t-rex/","post"
"https://www.paulcee.co.uk/blog/?ring-from-the-beach-metal-detecting-with-the-minelab-ctx-3030","/blog/ring-from-the-beach-metal-detecting-with-the-minelab-ctx-3030/","post"
"https://www.paulcee.co.uk/blog/?detecting-beaches-with-the-ctx3030-and-garrett-seahunter-mkii","/blog/detecting-beaches-with-the-ctx3030-and-garrett-seahunter-mkii/","post"
"https://www.paulcee.co.uk/blog/?beach-metal-detecting-lincolnshire","/blog/beach-metal-detecting-lincolnshire/","post"
"https://www.paulcee.co.uk/blog/?gold-rings-and-some-coins-with-the-ctx3030-on-the-beach","/blog/gold-rings-and-some-coins-with-the-ctx3030-on-the-beach/","post"
"https://www.paulcee.co.uk/blog/?anderson-neptune-carbon-fibre-scoop-handle-t-rex-scoop","/blog/anderson-neptune-carbon-fibre-scoop-handle-t-rex-scoop/","post"
"https://www.paulcee.co.uk/blog/?deus-fitted-with-the-anderson-carbon-fibre-custom-straight-shaft","/blog/deus-fitted-with-the-anderson-carbon-fibre-custom-straight-shaft/","post"
"https://www.paulcee.co.uk/blog/?beach-metal-detecting-garrett-atx-seahunter-mk2-minelab-ctx3030","/blog/beach-metal-detecting-garrett-atx-seahunter-mk2-minelab-ctx3030/","post"
"https://www.paulcee.co.uk/blog/?mals-surffones","/blog/mals-surffones/","post"
"https://www.paulcee.co.uk/blog/?garrett-seahunter-mk2-best-settings-for-dry-sand-metal-detecting","/blog/garrett-seahunter-mk2-best-settings-for-dry-sand-metal-detecting/","post"
"https://www.paulcee.co.uk/blog/?lincolnshire-beach-metal-detecting","/blog/lincolnshire-beach-metal-detecting/","post"
"https://www.paulcee.co.uk/blog/?minelab-go-find-40-entry-level-detector-review","/blog/minelab-go-find-40-entry-level-detector-review/","post"
"https://www.paulcee.co.uk/blog/?metal-detecting-jackpot","/blog/metal-detecting-jackpot/","post"
"https://www.paulcee.co.uk/blog/?minelab-equinox-800-vs","/blog/minelab-equinox-800-vs/","post"
"https://www.paulcee.co.uk/blog/?bike-night-2019","/blog/bike-night-2019/","post"
"https://www.paulcee.co.uk/blog/?looking-for-gold-on-the-beach-metal-detecting","/blog/looking-for-gold-on-the-beach-metal-detecting/","post"
"https://www.paulcee.co.uk/blog/?minelab-equinox-settings","/blog/minelab-equinox-settings/","post"
"https://www.paulcee.co.uk/blog/?spring-detectival-2019","/blog/spring-detectival-2019/","post"
"https://www.paulcee.co.uk/blog/?hambledon-hoard","/blog/hambledon-hoard/","post"
"https://www.paulcee.co.uk/blog/?minelab-equinox-800-4-tone-set-up","/blog/minelab-equinox-800-4-tone-set-up/","post"
"https://www.paulcee.co.uk/blog/?minelab-equinox-beach-settings-paul-cee","/blog/minelab-equinox-beach-settings-paul-cee/","post"
"https://www.paulcee.co.uk/blog/?minelab-equinox-metal-armcup-not-plastic","/blog/minelab-equinox-metal-armcup-not-plastic/","post"
"https://www.paulcee.co.uk/blog/?minelab-equinox-gold-chain","/blog/minelab-equinox-gold-chain/","post"
"https://www.paulcee.co.uk/blog/?minelab-equinox-800-gold-settings","/blog/minelab-equinox-800-gold-settings/","post"
"https://www.paulcee.co.uk/blog/?minelab-equinox-beach-settings","/blog/minelab-equinox-beach-settings/","post"
"https://www.paulcee.co.uk/blog/?minelab-equinox-headphones","/blog/minelab-equinox-headphones/","post"
"https://www.paulcee.co.uk/blog/?minelab-equinox-15-inch-coil-review","/blog/minelab-equinox-15-inch-coil-review/","post"
"https://www.paulcee.co.uk/blog/?equinox-eqx-15-dd-smart-coil","/blog/equinox-eqx-15-dd-smart-coil/","post"
"https://www.paulcee.co.uk/blog/?minelab-equinox-custom-cover","/blog/minelab-equinox-custom-cover/","post"
"https://www.paulcee.co.uk/blog/?equinox-800-and-silver-coins","/blog/equinox-800-and-silver-coins/","post"
"https://www.paulcee.co.uk/blog/?minelab-waterproof-headphones-review","/blog/minelab-waterproof-headphones-review/","post"
"https://www.paulcee.co.uk/blog/?fine-gold-minelab-equinox-800","/blog/fine-gold-minelab-equinox-800/","post"
"https://www.paulcee.co.uk/blog/?equinox-custom-settings-find-gold","/blog/equinox-custom-settings-find-gold/","post"
"https://www.paulcee.co.uk/blog/?minelab-ctx3030-gold-metal-detecting","/blog/minelab-ctx3030-gold-metal-detecting/","post"
"https://www.paulcee.co.uk/blog/?minelab-equinox-saltwater","/blog/minelab-equinox-saltwater/","post"
"https://www.paulcee.co.uk/blog/?equinox-wet-sand-settings","/blog/equinox-wet-sand-settings/","post"
"https://www.paulcee.co.uk/blog/?review-minelab-equinox-15-inch-coil","/blog/review-minelab-equinox-15-inch-coil/","post"
"https://www.paulcee.co.uk/blog/?beach-metal-detecting-find-more-gold","/blog/beach-metal-detecting-find-more-gold/","post"
"https://www.paulcee.co.uk/blog/?equinox-deep-settings-super-result","/blog/equinox-deep-settings-super-result/","post"
"https://www.paulcee.co.uk/blog/?deep-setting-more-gold","/blog/deep-setting-more-gold/","post"
"https://www.paulcee.co.uk/blog/?minelab-equinox-depth","/blog/minelab-equinox-depth/","post"
"https://www.paulcee.co.uk/blog/?minelab-equinox-settings-for-cleethorpes-beach","/blog/minelab-equinox-settings-for-cleethorpes-beach/","post"
"https://www.paulcee.co.uk/blog/?equinox-update","/blog/equinox-update/","post"
"https://www.paulcee.co.uk/blog/?find-more-gold","/blog/find-more-gold/","post"
"https://www.paulcee.co.uk/blog/?gold-found-beach-metal-detecting","/blog/gold-found-beach-metal-detecting/","post"
"https://www.paulcee.co.uk/blog/?equinox-15-inch-coil","/blog/equinox-15-inch-coil/","post"
"https://www.paulcee.co.uk/blog/?minelab-equinox-6-inch-coil","/blog/minelab-equinox-6-inch-coil/","post"
"https://www.paulcee.co.uk/blog/?minelab-equinox-6-inch-coil-1","/blog/minelab-equinox-6-inch-coil-1/","post"
"https://www.paulcee.co.uk/blog/?ctx-3030-beach-metal-detecting-gold","/blog/ctx-3030-beach-metal-detecting-gold/","post"
"https://www.paulcee.co.uk/blog/?ctx-3030-finds-gold","/blog/ctx-3030-finds-gold/","post"
"https://www.paulcee.co.uk/blog/?equinox-gold","/blog/equinox-gold/","post"
"https://www.paulcee.co.uk/blog/?best-equinox-headphones","/blog/best-equinox-headphones/","post"
"https://www.paulcee.co.uk/blog/?equinox-wm08-waterproofing","/blog/equinox-wm08-waterproofing/","post"
"https://www.paulcee.co.uk/blog/?minelab-equinox-beach-detecting","/blog/minelab-equinox-beach-detecting/","post"
"https://www.paulcee.co.uk/blog/?minelab-equinox-review","/blog/minelab-equinox-review/","post"
"https://www.paulcee.co.uk/blog/?ctx-3030-silver-coin","/blog/ctx-3030-silver-coin/","post"
"https://www.paulcee.co.uk/blog/?minelab-ctx-3030-ring-on-the-beach","/blog/minelab-ctx-3030-ring-on-the-beach/","post"
"https://www.paulcee.co.uk/blog/?metal-detecting-washouts-and-cuts","/blog/metal-detecting-washouts-and-cuts/","post"
"https://www.paulcee.co.uk/blog/?storm-beach-metal-detecting","/blog/storm-beach-metal-detecting/","post"
"https://www.paulcee.co.uk/blog/?rockpool-metal-detecting-treasure","/blog/rockpool-metal-detecting-treasure/","post"
"https://www.paulcee.co.uk/blog/?find-gold-with-a-metal-detector","/blog/find-gold-with-a-metal-detector/","post"
"https://www.paulcee.co.uk/blog/?metal-detecting-cuts-on-the-beach","/blog/metal-detecting-cuts-on-the-beach/","post"
"https://www.paulcee.co.uk/blog/?can-you-find-treasure-on-the-beach","/blog/can-you-find-treasure-on-the-beach/","post"
"https://www.paulcee.co.uk/blog/?where-to-find-gold-beach-detecting","/blog/where-to-find-gold-beach-detecting/","post"
"https://www.paulcee.co.uk/blog/?where-to-look-for-treasure","/blog/where-to-look-for-treasure/","post"
"https://www.paulcee.co.uk/blog/?rare-find-again","/blog/rare-find-again/","post"
"https://www.paulcee.co.uk/blog/?rare-coin-beach-detecting","/blog/rare-coin-beach-detecting/","post"
"https://www.paulcee.co.uk/blog/?ctx3030-silver-coins-beach-detecting-1","/blog/ctx3030-silver-coins-beach-detecting-1/","post"
"https://www.paulcee.co.uk/blog/?x-terra-305-review-finding-a-ring-beach-metal-detecting","/blog/x-terra-305-review-finding-a-ring-beach-metal-detecting/","post"
"https://www.paulcee.co.uk/blog/?etrac-metal-detecting-beaches","/blog/etrac-metal-detecting-beaches/","post"
"https://www.paulcee.co.uk/blog/?x-terra-305-beach-detecting","/blog/x-terra-305-beach-detecting/","post"
"https://www.paulcee.co.uk/blog/?garrett-seahunter-beach-metal-detecting","/blog/garrett-seahunter-beach-metal-detecting/","post"
"https://www.paulcee.co.uk/blog/?treasure-hunting-with-the-ctx3030","/blog/treasure-hunting-with-the-ctx3030/","post"
"https://www.paulcee.co.uk/blog/?ctx-3030-beach-metal-detecting","/blog/ctx-3030-beach-metal-detecting/","post"
"https://www.paulcee.co.uk/blog/?beach-metal-detecting-gold-and-silver-rings","/blog/beach-metal-detecting-gold-and-silver-rings/","post"
"https://www.paulcee.co.uk/blog/?ring-recovery-bournemouth-beach-detecting","/blog/ring-recovery-bournemouth-beach-detecting/","post"
"https://www.paulcee.co.uk/blog/?ctx3030-17inch-coil-deep-coins-wetsand-metal-detecting","/blog/ctx3030-17inch-coil-deep-coins-wetsand-metal-detecting/","post"
"https://www.paulcee.co.uk/blog/?beach-detecting-lincolnshire","/blog/beach-detecting-lincolnshire/","post"
"https://www.paulcee.co.uk/blog/?ctx3030-is-a-deep-searching-detector","/blog/ctx3030-is-a-deep-searching-detector/","post"
"https://www.paulcee.co.uk/blog/?brigg-and-barton-bike-night-2017","/blog/brigg-and-barton-bike-night-2017/","post"
"https://www.paulcee.co.uk/blog/?skegness-beach-metal-detecting","/blog/skegness-beach-metal-detecting/","post"
"https://www.paulcee.co.uk/blog/?garrett-seahunter-mkii-beach-metal-detecting","/blog/garrett-seahunter-mkii-beach-metal-detecting/","post"
"https://www.paulcee.co.uk/blog/?ctx3030-17inch-coil-gold-and-coins-on-the-beach-metal-detecting","/blog/ctx3030-17inch-coil-gold-and-coins-on-the-beach-metal-detecting/","post"
"https://www.paulcee.co.uk/blog/?metal-detecting-beaches-the-true-reality","/blog/metal-detecting-beaches-the-true-reality/","post"
"https://www.paulcee.co.uk/blog/?mobile-phone-from-the-beach-metal-detecting","/blog/mobile-phone-from-the-beach-metal-detecting/","post"