"url","title","meta_description","canonical","jsonld_types","ad_slots","affiliate_links","videos"
"https://www.paulcee.co.uk/about-us.html","About Us","Paul cee metal detecting about us","https://www.paulcee.co.uk/about-us.html","","","",""
"https://www.paulcee.co.uk/anderson-carbon-fibre-shafts.php","Anderson Carbon Fibre shafts","Anderson Carbon fibre sandscoop shafts, very strong and come in a single part or a 2 part carbon travel sandscoop shaft, best for metal detecting beaches Uk","https://www.paulcee.co.uk/anderson-carbon-fibre-shafts.html","","","https://bit.ly/andrsonshfts",""
"https://www.paulcee.co.uk/beginners-guide-to-metal-detecting.html","beginners guide to metal detecting","Metal detecting for beginners, best metal detector for beginners, tips for beginners to metal detecting, beginner metal detecting, how to metal detect properly","https://www.paulcee.co.uk/beginners-guide-to-metal-detecting.html","VideoObject","","http://bit.ly/2VcUX0q","3U-rQCywjOg"
"https://www.paulcee.co.uk/coiltek-nox-18-inch-coil.html","Coiltek Nox 18 inch coil","Coilteks biggest search coil for the Minelab Equinox and X-Terra Pro detectors the NOX 18, waterproof to 5 Mtr, deep search coil with fantastic ground coverage","https://www.paulcee.co.uk/coiltek-nox-18-inch-coil.html","VideoObject","","https://www.crawfordsmd.com/coiltek-nox18?tracking=fa202437c9","Frvw6TdHhCg"
"https://www.paulcee.co.uk/contact.php","contact","Contact Paul Cee. for metal detecting help","https://www.paulcee.co.uk/contact.html","","","http://bit.ly/2VcUX0q",""
"https://www.paulcee.co.uk/crawfords-metal-detectors.html","Crawfords Metal Detectors | UK Minelab Distributor","Celebrating 30 years as the UK's leading metal detector specialists. Official Minelab distributors in Lincolnshire & Dorset. Expert advice for beginners to pros","https://www.paulcee.co.uk/crawfords-metal-detectors.html","VideoObject","","http://bit.ly/2VcUX0q",""
"https://www.paulcee.co.uk/ctx3030.html","CTX 3030","The ultimate guide to the Minelab CTX 3030. Explore FBS 2 technology, XChange 2 programming, available coils, and a detailed comparison vs the Minelab Manticore","https://www.paulcee.co.uk/ctx3030.html","","","https://www.crawfordsmd.com/Minelab-CTX3030-Special-pack?tracking=fa202437c9",""
"https://www.paulcee.co.uk/detecting-accessories.html","Metal Detecting cheap accessories","The must-have cheap detecting accessories. From budget pinpointers to tough digging tools, get essential gear to upgrade your hunt without breaking the bank.","https://www.paulcee.co.uk/detecting-accessories.html","","","https://www.crawfordsmd.com/cmd-pro-pouch?tracking=fa202437c9 https://www.crawfordsmd.com/field-multi-tool?tracking=fa202437c9 https://www.crawfordsmd.com/cmd-gift-voucher?tracking=fa202437c9 https://www.crawfordsmd.com/minelab-wm09?tracking=fa202437c9 https://www.crawfordsmd.com/cmd-spray-bottle?tracking=fa202437c9 https://www.crawfordsmd.com/rnb-power-x?tracking=fa202437c9",""
"https://www.paulcee.co.uk/detecting-rallies-2026.php","Detecting Rallies & Events","Discover the best Metal Detecting Rallies for 2026 in the UK and worldwide. Get the latest dates for major events like the Minelab 500, list your event for free","https://www.paulcee.co.uk/detecting-rallies-2026.html","VideoObject","","","syIbMDl9ZiA"
"https://www.paulcee.co.uk/detectival.html","Detectival","Metal Detecting Rally DETECTIVAL","https://www.paulcee.co.uk/detectival.html","VideoObject","","","vauNSRHsiMk 49lbEIUvU3c"
"https://www.paulcee.co.uk/emite-r-sand-scoops.html","Emite R Sand Scoops","Emite R sand scoops for beach metal detecting, cheap sand scoops for beach metal detecting in the UK","https://www.paulcee.co.uk/emite-r-sand-scoops.html","VideoObject","","https://www.crawfordsmd.com/metal-detecting-accessories/digging-tools/emiter-tools?tracking=fa202437c9","5-17EpIFG0M"
"https://www.paulcee.co.uk/evolution-spade.html","Evolution Spade","Evolution Pro Cut Metal Detecting Spade, a super strong shovel for digging metal detecting finds, one of the strongest shovels designed for metal detecting uk","https://www.paulcee.co.uk/evolution-spade.html","","","https://www.crawfordsmd.com/metal-detecting-accessories/digging-tools/evolution-spades/Evolution-pro-cut-spade?tracking=fa202437c9",""
"https://www.paulcee.co.uk/index.php","Paul Cee Metal Detecting","The UK's home for expert Minelab advice. Tutorials, detector settings, and reviews from Paul Cee, Minelab Detexpert and Crawfords Product Specialist.","https://www.paulcee.co.uk/index.html","WebSite LocalBusiness VideoObject","","https://www.crawfordsmd.com/metal-detectors/minelab?tracking=fa202437c9","nrMw2oEBDyQ 2blmefyIcgo"
"https://www.paulcee.co.uk/links.html","LINKS","Metal Detecting insurance, Crown estate foreshore, metal detector headphones, headphones for metal detectors, best metal detector headphones, surffones","https://www.paulcee.co.uk/links.html","","","",""
"https://www.paulcee.co.uk/manticore-m8-vs-m9-coil.html","Manticore M8 Vs M9 Coil","Minelab Manticore Search Coils which is the best the M8 coil or the M9 coil","https://www.paulcee.co.uk/manticore-m8-vs-m9-coil.html","VideoObject","","https://www.crawfordsmd.com/minelab-m8?tracking=fa202437c9 https://www.crawfordsmd.com/minelab-m9?tracking=fa202437c9 https://www.crawfordsmd.com/metal-detectors/minelab?tracking=fa202437c9","pGhQu_hRQWA jG0-J_fj1wQ"
"https://www.paulcee.co.uk/manticore-settings.html","Minelab Manticore | The Ultimate Metal Detector Guide & Settings","Complete guide to the Minelab Manticore.  Advanced ferrous limits settings, recovery speed tutorials for relic and beach hunting, 2D Screen, with vidoes","https://www.paulcee.co.uk/manticore-settings.html","VideoObject","","https://www.crawfordsmd.com/?tracking=fa202437c9","HbdnRKHElJk vnaRlFVrQi4 eMlcJ6mqE_g xXBFeg-Jdzc FKQsXUGtfuc HnHdXpvIaAM m6kc6wczJ9U VimSTbHMGi4"
"https://www.paulcee.co.uk/minelab-500-rally.html","Minelab 500 Rally 2026","Minelab 500 Metal Detecting Rally 2026, where and when will this metal detecting weekend be held in the uk","https://www.paulcee.co.uk/minelab-500-rally.html","","","",""
"https://www.paulcee.co.uk/minelab-equinox.html","Minelab Equinox Uk","The complete guide to the Minelab Equinox. Compare the 600, 700, 800 and 900 models. Discover Multi-IQ technology and the best search coils for your detector","https://www.paulcee.co.uk/minelab-equinox.html","VideoObject","","https://www.crawfordsmd.com/minelab-equinox-900?tracking=fa202437c9","wmwskgU3xIs o6n_H_onH3o"
"https://www.paulcee.co.uk/minelab-manticore-big-coils.html","Minelab Manticore Big Coil Review","A head-to-head review of the Minelab Manticore M15 (15x12) coil versus the Coiltek 18-inch Mythtek. We test weight, separation, and depth to help you decide","https://www.paulcee.co.uk/minelab-manticore-big-coils.html","","","https://www.crawfordsmd.com/minelab-m15?tracking=fa202437c9 https://www.crawfordsmd.com/coiltek-mythtek18?tracking=fa202437c9",""
"https://www.paulcee.co.uk/minelab-manticore.html","Minelab Manticore User guides and specifications","Explore the Minelab Manticore and unlock its full potential with our comprehensive user guides and in-depth specifications.","https://www.paulcee.co.uk/minelab-manticore.html","VideoObject","","https://www.crawfordsmd.com/minelab-manticore?tracking=fa202437c9","bSgPk84mtcE 5ddRBp33QIU"
"https://www.paulcee.co.uk/minelab-pro-find.html","Minelab Pro find help","Minelab Pro Find, waterproof pinpointer, how to set ferrous tone on the pro find, how to factory reset a pinpointer, the best minelab pinpointer","https://www.paulcee.co.uk/minelab-pro-find.html","VideoObject","","","TgGDcPCVXDQ fFCVaYQ1-uE"
"https://www.paulcee.co.uk/minelab-vanquish-40-series.html","Minelab Vanquish 40 Series | Proven Multi-IQ Metal Detectors","Discover why the Minelab Vanquish 40 Series remains the smart choice. Proven Multi-IQ technology, rugged design, and unbeatable value for every detectorist.","https://www.paulcee.co.uk/minelab-vanquish-40-series.html","VideoObject","","https://www.crawfordsmd.com/metal-detectors/minelab?tracking=fa202437c9","yA7hhnbGFwI HZkSggRUZrg hjGB8153a0Q"
"https://www.paulcee.co.uk/minelab-vanquish-60-series.html","Minelab Vanquish 60 series","Discover metal detecting with the Minelab Vanquish 60 series! The waterproof detector is ideal for beginners, featuring user-friendly options and performance.","https://www.paulcee.co.uk/minelab-vanquish-60-series.html","VideoObject","","https://www.crawfordsmd.com/minelab-vanquish-560-pro?tracking=fa202437c9","nrMw2oEBDyQ 2blmefyIcgo"
"https://www.paulcee.co.uk/minelab-vanquish-60-settings.html","How to Set Up Minelab Vanquish 560","Learn the best settings for your Minelab Vanquish 60 series. We cover sensitivity, discrimination, beach setups","https://www.paulcee.co.uk/minelab-vanquish-60-settings.html","","","https://www.crawfordsmd.com/metal-detectors/minelab?tracking=fa202437c9",""
"https://www.paulcee.co.uk/minelab-x-terra.html","Minelab X Terra","Compare the Minelab X-Terra Elite and X-Terra Pro. Discover the pros, cons, Multi-IQ features, and full compatibility guide for Equinox and Coiltek Nox coils","https://www.paulcee.co.uk/minelab-x-terra.html","VideoObject","","https://www.crawfordsmd.com/minelab-x-terra-elite?tracking=fa202437c9 https://www.crawfordsmd.com/minelab-x-terra-pro?tracking=fa202437c9 https://www.crawfordsmd.com/?tracking=fa202437c9","LDcEDpRyk3c"
"https://www.paulcee.co.uk/old-maps-for-metal-detecting.html","Old Maps for Metal Detecting","The ultimate guide to metal detecting research maps. Explore old English maps, LiDAR overlays, and footpath data, locate historic hoards and ancient settlements","https://www.paulcee.co.uk/old-maps-for-metal-detecting.html","VideoObject","","","-v_ye2cnzOc"
"https://www.paulcee.co.uk/privacy.html","privacy","Welcome to Paul Cee Metal Detecting, we take privacy seriously. Explore our privacy policy to learn how we handle and protect your personal information.","https://www.paulcee.co.uk/privacy.html","","","",""
"https://www.paulcee.co.uk/sand-scoops-for-metal-detecting.php","sand scoops For Metal Detecting","sand scoop and shafts metal detecting beach, best sand scoop, Sito Sand scoop uk, stainless steel sand scoop, metal detecting sand scoop, sand scoop shaft cover","https://www.paulcee.co.uk/sand-scoops-for-metal-detecting.html","VideoObject","","http://bit.ly/2VcUX0q https://bit.ly/andrsonshfts","ZCdnr-0rXwE"
"https://www.paulcee.co.uk/shop.php","Metal Detecting accessories","metal detecting accessories, metal detector shops near me, metal detecting stickers, metal detector uk","https://www.paulcee.co.uk/shop.html","ItemList","","",""
"https://www.paulcee.co.uk/social-sites.html","social sites","Paul Cee, Metal Detecting facebook groups uk, crawfords metal detectors, metal detecting facebook, minelab owners, metal detector groups uk","https://www.paulcee.co.uk/social-sites.html","","","https://bit.ly/CMD_Maling",""
"https://www.paulcee.co.uk/swagier-scoop.html","Swagier Scoops","Discover Swagier Sand Scoops—premium stainless steel digging tools for metal detecting. Featuring hexagonal holes and marine-grade durability. Built in Poland.","https://www.paulcee.co.uk/swagier-scoop.html","","","https://bit.ly/swagierscoop",""
"https://www.paulcee.co.uk/top-5-beginners-metal-detectors.html","Top 5 detectors","Ranked: The top 5 Minelab metal detectors for a beginner in 2026. Detailed reviews of a new waterproof Vanquish 560, X-Terra Elite, Equinox 900, and Manticore.","https://www.paulcee.co.uk/top-5-beginners-metal-detectors.html","","","https://www.crawfordsmd.com/minelab-vanquish-360?tracking=fa202437c9 https://www.crawfordsmd.com/minelab-vanquish-460?tracking=fa202437c9 https://www.crawfordsmd.com/minelab-vanquish-560?tracking=fa202437c9 https://www.crawfordsmd.com/minelab-vanquish-560-pro?tracking=fa202437c9 https://www.crawfordsmd.com/metal-detectors/minelab?tracking=fa202437c9",""
"https://www.paulcee.co.uk/blog/?why-metal-detectorists-love-finding-medieval-hammered-coins","Why Metal Detectorists Love Finding Medieval Hammered Coins - Blog","Discover why medieval hammered silver coins (hammies) are the ultimate prize for metal detectorists—from sterling silver preservation to historical mystery.","https://www.paulcee.co.uk/blog/?why-metal-detectorists-love-finding-medieval-hammered-coins","BlogPosting BreadcrumbList","","https://www.crawfordsmd.com/cleaning-accessories?tracking=fa202437c9",""
"https://www.paulcee.co.uk/blog/?the-ultimate-beginner-metal-detector-guide","Beginner Metal Detector Guide - Blog","Discover how to choose the best beginner metal detector. Compare VLF vs multi-frequency technology, essential accessories, and UK detecting rules.","https://www.paulcee.co.uk/blog/?the-ultimate-beginner-metal-detector-guide","BlogPosting BreadcrumbList","","https://www.crawfordsmd.com/metal-detectors/beginners-childrens-detectors?tracking=fa202437c9 https://www.crawfordsmd.com/metal-detecting-accessories?tracking=fa202437c9",""
"https://www.paulcee.co.uk/blog/?gold-panning-in-the-uk-complete-guide","Gold Panning in the UK Complete Guide - Blog","Planning to pan for gold in the UK? Discover the essential laws, permits for Scotland and Wales, equipment checklists, and step-by-step techniques.","https://www.paulcee.co.uk/blog/?gold-panning-in-the-uk-complete-guide","BlogPosting BreadcrumbList","","https://www.crawfordsmd.com/minelab-pro-gold?tracking=fa202437c9 https://www.crawfordsmd.com/minelab-gold-monster-2000?tracking=fa202437c9","-hQe0rzZIk8"
"https://www.paulcee.co.uk/blog/?how-to-get-permission-to-metal-detect","How to get permission to metal detect - Blog","Learn how to get permission to metal detect on private land in the uk. Includes proven outreach methods, a copy-paste letter template, tips to handle rejection.","https://www.paulcee.co.uk/blog/?how-to-get-permission-to-metal-detect","BlogPosting BreadcrumbList","","https://www.crawfordsmd.com/?tracking=fa202437c9",""
"https://www.paulcee.co.uk/blog/?metal-detecting-rallys","Metal Detecting Rallys - Blog","Metal Detecting Rally September this year, find out about the best metal detecting rally near you in september, the Duchy Dirty weekenders","https://www.paulcee.co.uk/blog/?metal-detecting-rallys","BlogPosting BreadcrumbList","","",""
"https://www.paulcee.co.uk/blog/?essential-minelab-manticore-accessories","Essential Minelab Manticore Accessories, GOG Folding Handle & Phones - Blog","Upgrade your setup with the GOG Manticore Folding Removable Handle and GOG Wireless Phones (WM09). The best accessories for portability and audio freedom.","https://www.paulcee.co.uk/blog/?essential-minelab-manticore-accessories","BlogPosting BreadcrumbList","","",""
"https://www.paulcee.co.uk/blog/?ancient-gold-coin-found-metal-detecting","ancient gold coin found metal detecting - Blog","metal detectorist finds ancient gold coin in lincolnshire with a minelab manticore metal detector","https://www.paulcee.co.uk/blog/?ancient-gold-coin-found-metal-detecting","BlogPosting BreadcrumbList","","","iTXk31MhBMk"
"https://www.paulcee.co.uk/blog/?be-successful-metal-detecting-beach","be successful metal detecting beach - Blog","where and how to metal detect on a beach","https://www.paulcee.co.uk/blog/?be-successful-metal-detecting-beach","BlogPosting BreadcrumbList","","http://bit.ly/2VcUX0q https://www.crawfordsmd.com/?tracking=fa202437c9","-se1nmB1E3w"
"https://www.paulcee.co.uk/blog/?coiltek-nox-10inch-coil-review","Coiltek Nox 10inch coil Review - Blog","Coiltek NOX 10 inch coil test and review of the new search coils for the minelab equinox","https://www.paulcee.co.uk/blog/?coiltek-nox-10inch-coil-review","BlogPosting BreadcrumbList","","","vTH2CSCNpVU"
"https://www.paulcee.co.uk/blog/?manticore-ferrous-limits","minelab manticore ferrous limits - Blog","ferrous limits on the minelab manticore, and which sould you change the upper limits or lower limits, adjusting the ferrous limits can increase your finds rate","https://www.paulcee.co.uk/blog/?manticore-ferrous-limits","BlogPosting BreadcrumbList","","","Kt3HQN17ank"
"https://www.paulcee.co.uk/blog/?minelab-manticore-settings","Minelab Manticore Settings - Blog","Minelab Manticore best settings, what are the best settings for a minelab manticore, using Beast settings or beach to land, you need these settings","https://www.paulcee.co.uk/blog/?minelab-manticore-settings","BlogPosting BreadcrumbList","","https://bit.ly/detexpert https://bit.ly/CMD_Maling","TnWWz4XKcoQ"
"https://www.paulcee.co.uk/blog/?minelab-voyager-how-to-use","minelab X-Terra Voyager how to use - Blog","How to set up and use a Minelab X Terra Voyager metal detector, this is a full tutorial and how to guide covering settings and features for the Voyager detector","https://www.paulcee.co.uk/blog/?minelab-voyager-how-to-use","BlogPosting BreadcrumbList","","","Ih0P7ZIJZKg"
"https://www.paulcee.co.uk/blog/?minelab-x-terra-pro","Minelab X-Terra Pro Features - Blog","Minelab X-Terra pro a metal detector for beginners, with features of a Mid range detector including Multi frequency shift, coils from Equinox detectors will fit","https://www.paulcee.co.uk/blog/?minelab-x-terra-pro","BlogPosting BreadcrumbList","","https://www.crawfordsmd.com/metal-detectors/beach-detectors/minelab-x-terra-pro?tracking=fa202437c9","vjv3KGson6Q"
"https://www.paulcee.co.uk/blog/?minelab-equinox-900-recovery-speed","Minelab Equinox 900 Recovery speed - Blog","Equinox 900 recovery speed and how it affects target tones and depth, setting up the recovery speed for detecting your locations","https://www.paulcee.co.uk/blog/?minelab-equinox-900-recovery-speed","BlogPosting BreadcrumbList","","","50zg6rWQwFA"
"https://www.paulcee.co.uk/blog/?vanquish-340-vs-simplex","Vanquish 340 Vs Simplex - Blog","Minelab Vanquish vs Nokta Simplex, which is better on mineralized ground and black sand","https://www.paulcee.co.uk/blog/?vanquish-340-vs-simplex","BlogPosting BreadcrumbList","","http://bit.ly/2VcUX0q https://www.crawfordsmd.com/minelab-vanquish?tracking=fa202437c9 http://bit.ly/mnlbVnqush","uNVQcrNjyfY"
"https://www.paulcee.co.uk/blog/?clean-corroded-old-copper-coins","clean corroded old copper coins - Blog","how to clean corroded coins, how to clean old copper coins, coin cleaning kit, clean coins metal detecting, coin cleaning methods, what will clean an old coin","https://www.paulcee.co.uk/blog/?clean-corroded-old-copper-coins","BlogPosting BreadcrumbList","","","hT9R-bmuCDU"
"https://www.paulcee.co.uk/blog/?equinox-iron-bias","minelab Equinox Iron Bias explained - Blog","minelab Equinox IRON BIAS Explained by minelab engineers, at how the iron bias works","https://www.paulcee.co.uk/blog/?equinox-iron-bias","BlogPosting BreadcrumbList","","","o6n_H_onH3o"
"https://www.paulcee.co.uk/blog/?minelab-equinox-hammered-coin-setting","minelab equinox hammered coin setting - Blog","A Setting for the minelab equinox 800 for finding hammered coins i use","https://www.paulcee.co.uk/blog/?minelab-equinox-hammered-coin-setting","BlogPosting BreadcrumbList","","https://www.crawfordsmd.com/?tracking=fa202437c9","7uxkIvl8yeA"
"https://www.paulcee.co.uk/blog/?best-sand-scoop-beach-metal-detecting","The Best Sand Scoop for Beach Metal Detecting: Your Essential Guide - Blog","The Best Sand Scoop for Beach Metal Detecting: Your Essential Guide","https://www.paulcee.co.uk/blog/?best-sand-scoop-beach-metal-detecting","BlogPosting BreadcrumbList","","https://www.crawfordsmd.com/nokta-plastic-sand-scoop?tracking=fa202437c9 https://www.crawfordsmd.com/sandscoop-200?tracking=fa202437c9 https://www.crawfordsmd.com/sandscoop-s150?tracking=fa202437c9 https://swagierscoop.com/produkty/ https://www.crawfordsmd.com/digging-tools?tracking=fa202437c9","ZCdnr-0rXwE"
"https://www.paulcee.co.uk/blog/?beginners-guide-to-metal-detecting-in-the-uk","Beginner Guide to Metal Detecting in the UK - Blog","New to metal detecting in the UK? Learn the 2023 Treasure Act updates, essential laws, and how to get permission legally in this beginner's guide.","https://www.paulcee.co.uk/blog/?beginners-guide-to-metal-detecting-in-the-uk","BlogPosting BreadcrumbList","","",""
"https://www.paulcee.co.uk/blog/?a-beginner-s-guide-to-the-minelab-manticore-s-2d-screen","A Beginner’s Guide to the Minelab Manticore’s 2D Screen - Blog","Confused by the Minelab Manticore's screen? Learn how to read the 2D Target ID Map to distinguish gold from bottle caps and dig less trash.","https://www.paulcee.co.uk/blog/?a-beginner-s-guide-to-the-minelab-manticore-s-2d-screen","BlogPosting BreadcrumbList","","https://www.crawfordsmd.com/minelab-manticore?tracking=fa202437c9","Kt3HQN17ank"
"https://www.paulcee.co.uk/blog/?minelab-vanquish-560","minelab vanquish 560 - Blog","minelab vanquish 560, specifications and details on the new range of vanquish 60 series metal detectors from minelab, best place to buy a minelab vanquish 560","https://www.paulcee.co.uk/blog/?minelab-vanquish-560","BlogPosting BreadcrumbList","","https://www.crawfordsmd.com/?tracking=fa202437c9","nrMw2oEBDyQ"
"https://www.paulcee.co.uk/blog/?minelab-vanquish-how-to-use","Minelab Vanquish how to use - Blog","How to use a minelab vanquish, from beginner to pro, with all the settings you will need","https://www.paulcee.co.uk/blog/?minelab-vanquish-how-to-use","BlogPosting BreadcrumbList","","https://www.crawfordsmd.com/v8-coil?tracking=fa202437c9 https://www.crawfordsmd.com/minelab-pro-find-40?tracking=fa202437c9 https://www.crawfordsmd.com/minelab-pro-spade?tracking=fa202437c9 https://www.crawfordsmd.com/cmd-pro-pouch?tracking=fa202437c9 https://www.crawfordsmd.com/cmd-finds-box-medium?tracking=fa202437c9 https://www.crawfordsmd.com/cmd-gift-voucher?tracking=fa202437c9","CJFqjjiVxdc"
"https://www.paulcee.co.uk/blog/?minelab-manticore-uk-beach-settings","Minelab Manticore UK Beach Settings - Blog","Beach settings for the minelab manticore that really work, how to set up your minelab manticore for great results metal detecting, on the beach","https://www.paulcee.co.uk/blog/?minelab-manticore-uk-beach-settings","BlogPosting BreadcrumbList","","","bSgPk84mtcE"
"https://www.paulcee.co.uk/blog/?rnb-power-x-review","RNB Power X Review - Blog","RNB Power X battery pack is the best battery to suit Minelab manticore, will increase the power range of you metal detector allowing you to detect longer.","https://www.paulcee.co.uk/blog/?rnb-power-x-review","BlogPosting BreadcrumbList","","https://www.crawfordsmd.com/metal-detecting-accessories/power-accessories/rnb-power-x?tracking=fa202437c9 https://www.crawfordsmd.com/rnb-power-x?tracking=fa202437c9",""
"https://www.paulcee.co.uk/blog/?ultimate-x-terra-elite-guide","Ultimate X Terra Elite Guide - Blog","Ultimate guide to the Xterra Elite, change settings with confidence and how and where to go metal detecting and find the accessories for you new detector ","https://www.paulcee.co.uk/blog/?ultimate-x-terra-elite-guide","BlogPosting BreadcrumbList","","https://www.crawfordsmd.com/metal-detecting-accessories/headphones/minelab-ml85-headphones?tracking=fa202437c9 https://www.crawfordsmd.com/metal-detecting-accessories/headphones/ml105-headphones?tracking=fa202437c9 https://www.crawfordsmd.com/metal-detecting-accessories/headphones/minelab-wm09?tracking=fa202437c9 https://www.crawfordsmd.com/metal-detecting-accessories/headphones/loxley-rx3-headphones?tracking=fa202437c9 https://www.crawfordsmd.com/metal-detecting-accessories/headphones/equinox-waterproof-adaptor?tracking=fa202437c9 https://www.crawfordsmd.com/metal-detecting-accessories/headphones/equinox-waterproof-headphones?tracking=fa202437c9 https://www.crawfordsmd.com/metal-detecting-accessories/accessories-minelab/equinox-controlbox-cover?tracking=fa202437c9 https://www.crawfordsmd.com/metal-detecting-accessories/pinpoint-probe/minelab-pro-find-20?tracking=fa202437c9 https://www.crawfordsmd.com/metal-detecting-accessories/digging-tools/minelab-pro-spade?tracking=fa202437c9 https://www.crawfordsmd.com/metal-detecting-accessories/accessories-bags-pouches-bungees-clothing/cmd-pro-pouch?tracking=fa202437c9 https://www.crawfordsmd.com/metal-detecting-accessories/accessories-bags-pouches-bungees-clothing/cmd-finds-box-medium?tracking=fa202437c9 https://www.crawfordsmd.com/metal-detecting-accessories/digging-tools/emiter-150x-scoop?tracking=fa202437c9 https://www.crawfordsmd.com/metal-detecting-accessories/accessories-bags-pouches-bungees-clothing/cmd-backpack?tracking=fa202437c9 https://www.crawfordsmd.com/metal-detecting-accessories/power-accessories/rnb-power-x?tracking=fa202437c9 https://www.crawfordsmd.com/metal-detectors/minelab/minelab-equinox-900?tracking=fa202437c9 https://www.crawfordsmd.com/metal-detecting-accessories/accessories-minelab/equinox-6-inch-coil?tracking=fa202437c9 https://www.crawfordsmd.com/metal-detecting-accessories/accessories-coiltek/coiltek-nox18?tracking=fa202437c9","aULlCG7EjWE"
"https://www.paulcee.co.uk/blog/?minelab-manticore-m9-coil-review","Minelab Manticore M9 coil Review - Blog","Discover the best-selling Minelab Manticore search coil: Superior depth detection, accuracy, lightweight (262g), perfect for metal detecting everywhere.","https://www.paulcee.co.uk/blog/?minelab-manticore-m9-coil-review","BlogPosting BreadcrumbList","","https://www.crawfordsmd.com/metal-detecting-accessories/accessories-minelab/minelab-m9-skidplate?tracking=fa202437c9 https://www.crawfordsmd.com/minelab-m9?tracking=fa202437c9",""
"https://www.paulcee.co.uk/blog/?coiltek-manticore-mythtek-18-review","CoilTek Manticore MythTek 18 Review - Blog","Review of the CoilTek MythTek coil for the Minelab Manticore, the depth and ground coverage, along with sensitivity to smalller targets, is a specilised coil","https://www.paulcee.co.uk/blog/?coiltek-manticore-mythtek-18-review","BlogPosting BreadcrumbList","","",""
"https://www.paulcee.co.uk/blog/?minelab-x-terra-elite","Minelab X Terra Elite - Blog","Minelab X Terra Elite Review and new features and setting, metal detecting on the beach. how much is the X Terra Elite and the expedition pack, where to buy.","https://www.paulcee.co.uk/blog/?minelab-x-terra-elite","BlogPosting BreadcrumbList","","","aULlCG7EjWE"
"https://www.paulcee.co.uk/blog/?detectival-2024","Detectival 2024 - Blog","detectival 2024, location and booking details","https://www.paulcee.co.uk/blog/?detectival-2024","BlogPosting BreadcrumbList","","",""
"https://www.paulcee.co.uk/blog/?metal-detecting-gold-watch","metal detecting gold watch - Blog","metal detecting on the beach, gold watch found and returned, metal detecting on dry sand, crawfords metal detectors sell minelab equinox 900 for beach detecting","https://www.paulcee.co.uk/blog/?metal-detecting-gold-watch","BlogPosting BreadcrumbList","","","IUvhXLw-uNs"
"https://www.paulcee.co.uk/blog/?coil-strengtheners-3d-printed","coil strengtheners 3d printed - Blog","coil strengtheners are not the ideal solution for stopping coil lugs breaking, cheap and not professionally made, printed wrong with most having no warranty","https://www.paulcee.co.uk/blog/?coil-strengtheners-3d-printed","BlogPosting BreadcrumbList","","https://www.crawfordsmd.com/minelab-teardrop-washers?tracking=fa202437c9 https://www.crawfordsmd.com/metal-detecting-accessories/accessories-minelab/tough-lugs?tracking=fa202437c9","ZaJimpj9WwI"
"https://www.paulcee.co.uk/blog/?choose-the-right-search-coil","Choose the right search coil - Blog","choose the correct minelab or coiltek search coil for where you are metal detecting and what you are looking for, differant types of coils have differant uses","https://www.paulcee.co.uk/blog/?choose-the-right-search-coil","BlogPosting BreadcrumbList","","https://www.crawfordsmd.com/metal-detecting-accessories/accessories-coiltek?tracking=fa202437c9 https://www.crawfordsmd.com/?tracking=fa202437c9","rVGsILDXyLM"
"https://www.paulcee.co.uk/blog/?metal-detector-large-case","metal detector large case - Blog","Large case for metal detectors, manticore, minelab Equinox 900 and other brands, your detecting accessories fit in this big bag. water resistant 600D polyester.","https://www.paulcee.co.uk/blog/?metal-detector-large-case","BlogPosting BreadcrumbList","","https://www.crawfordsmd.com/metal-detecting-accessories/accessories-bags-pouches-bungees-clothing/cmd-backpack?tracking=fa202437c9",""
"https://www.paulcee.co.uk/blog/?minelab-manticore-ground-balance","Minelab Manticore Ground Balance - Blog","Ground balancing a Minelab Manticore helps the detector differentiate between the minerals in the ground and the metal objects you're trying to detect","https://www.paulcee.co.uk/blog/?minelab-manticore-ground-balance","BlogPosting BreadcrumbList","","","-s9PpNW1uy8"
"https://www.paulcee.co.uk/blog/?diamond-tester-for-metal-detecting","Diamond Tester for metal detecting - Blog","Cheap diamond tester for metal detecting, just set the diamond size and check to see if you hit the jackpot on your beach detecting ring find","https://www.paulcee.co.uk/blog/?diamond-tester-for-metal-detecting","BlogPosting BreadcrumbList","","https://amzn.to/3RZE3Cu",""
"https://www.paulcee.co.uk/blog/?equinox-900-best-settings","Equinox 900 best settings - Blog","best setting for the Equinox 900 are they ones you got from the internet for beach and land or Ancient Deep settings, lets have a look at making your own","https://www.paulcee.co.uk/blog/?equinox-900-best-settings","BlogPosting BreadcrumbList","","","gK9kbAqI62w"
"https://www.paulcee.co.uk/blog/?equinox-vibrate-settings","Equinox Vibrate Settings - Blog","Minelab Equinox vibrate handle, easy to turn on for all target id or specific target tone, really useful for people that are hard of hearing to go detecting","https://www.paulcee.co.uk/blog/?equinox-vibrate-settings","BlogPosting BreadcrumbList","","","o1U1u1qW23U"
"https://www.paulcee.co.uk/blog/?minelab-equinox-900-and-700-reset","Minelab Equinox 900 and 700 RESET - Blog","Equinox 900, equinox 700 Factory reset or single mode reset, sometimes a full factory reset isnt needed and just a single mode will be all you have to do.","https://www.paulcee.co.uk/blog/?minelab-equinox-900-and-700-reset","BlogPosting BreadcrumbList","","","w1cDbmp-PUc"
"https://www.paulcee.co.uk/blog/?manticore-audio-themes","Minelab Manticore Audio themes - Blog","Minelab Manticore Audio themes are a feature to customise the manticore audio and are fully adjustable to suit where you are metal detecting","https://www.paulcee.co.uk/blog/?manticore-audio-themes","BlogPosting BreadcrumbList","","","LCpycVN4Edg"
"https://www.paulcee.co.uk/blog/?minelab-manticore-recovery-speed","minelab manticore recovery speed - Blog","Recovery speed on the Minelab manticore. Manticore settings for the best recovery speed and coil choice will improve your finds & give you the best experience ","https://www.paulcee.co.uk/blog/?minelab-manticore-recovery-speed","BlogPosting BreadcrumbList","","","nP16m-fupVE"
"https://www.paulcee.co.uk/blog/?minelab-wm09-wireless-adapter","Minelab WM09 Wireless Adapter - Blog","Minelab wireless module for the minelab manticore, minelab equinox and x-terra Pro, allows for freedom of movement when metal detecting","https://www.paulcee.co.uk/blog/?minelab-wm09-wireless-adapter","BlogPosting BreadcrumbList","","https://www.crawfordsmd.com/metal-detecting-accessories/headphones/minelab-wm09?tracking=fa202437c9","olH0eYKabS4"
"https://www.paulcee.co.uk/blog/?why-detectors-miss-targets","why detectors miss things - Blog","a rally we attendend and waited for all the detectorists to set off, be amazed at what they all missed with their metal detectors","https://www.paulcee.co.uk/blog/?why-detectors-miss-targets","BlogPosting BreadcrumbList","","","a23x4dUgTg8"
"https://www.paulcee.co.uk/blog/?coiltek-nox-18-coil","Coiltek Nox 18 Coil - Blog","the biggest deepest seeking coil for the Minelab Equinox and X-Terra Pro, submersible to 5mtr and 2 year warranty, the best coil for equinox and xterra Pro.","https://www.paulcee.co.uk/blog/?coiltek-nox-18-coil","BlogPosting BreadcrumbList","","https://www.crawfordsmd.com/coiltek-nox18?tracking=fa202437c9","Frvw6TdHhCg"
"https://www.paulcee.co.uk/blog/?pro-find-40-settings","pro find 40 settings - Blog","minelab pro find 40 user guide and instructions, should you have a problem or just need to know how to use the pro find 40, minelab pinpointer","https://www.paulcee.co.uk/blog/?pro-find-40-settings","BlogPosting BreadcrumbList","","","fFCVaYQ1-uE"
"https://www.paulcee.co.uk/blog/?minelab-x-terra-voyager","Minelab X-Terra Voyager - Blog","Minelab Voyager, the ideal metal detector for beginners and children, packed with professional features and compact and waterproof for beach and fields","https://www.paulcee.co.uk/blog/?minelab-x-terra-voyager","BlogPosting BreadcrumbList","","https://bit.ly/xterravoyager https://bit.ly/PC_Minelab",""
"https://www.paulcee.co.uk/blog/?manticore-dealing-with-emi","Manticore dealing with EMI - Blog","how do you deal with interferance on a minelab manticore or minelab equinox metal detector, electric fences and phone mast can cause problems","https://www.paulcee.co.uk/blog/?manticore-dealing-with-emi","BlogPosting BreadcrumbList","","","FKQsXUGtfuc"
"https://www.paulcee.co.uk/blog/?metal-detecting-pow-camp","metal detecting pow camp - Blog","metal detecting with the minelab manticore, around a ww2 pow camp. looking for evidence of who was living and working at the camp","https://www.paulcee.co.uk/blog/?metal-detecting-pow-camp","BlogPosting BreadcrumbList","","","iJ4nPqB1oA4"
"https://www.paulcee.co.uk/blog/?cmd-gift-voucher","CMD Gift Voucher - Blog","cmd voucher is a great gift for a metal detectorist, can be topped up and used as a savings plan for a next purchase, whether a detector or accessories","https://www.paulcee.co.uk/blog/?cmd-gift-voucher","BlogPosting BreadcrumbList","","https://www.crawfordsmd.com/metal-detecting-accessories/gift-ideas/cmd-Gift-voucher?tracking=fa202437c9",""
"https://www.paulcee.co.uk/blog/?unveiling-the-power-of-the-minelab-manticore-m8-coil","Unveiling the Power of the Minelab Manticore M8 Coil Metal Detecting - Blog","Discover the exceptional capabilities of the Minelab Manticore M8 Coil. Uncover its cutting-edge technology and unparalleled performance","https://www.paulcee.co.uk/blog/?unveiling-the-power-of-the-minelab-manticore-m8-coil","BlogPosting BreadcrumbList","","","sWPF6cSswbM"
"https://www.paulcee.co.uk/blog/?minelab-manticore-ferrous-limits","Minelab Manticore Ferrous Limits - Blog","If you're into metal detecting, you've probably heard of the Minelab Manticore, we'll be diving into the ferrous limits settings on this Minelab metal detector","https://www.paulcee.co.uk/blog/?minelab-manticore-ferrous-limits","BlogPosting BreadcrumbList","","","5ddRBp33QIU"
"https://www.paulcee.co.uk/blog/?equinox-900-setting-up","setting up equinox 900 - Blog","setting up a Minelab Equinox 900, for metal detecting, looking at the function of the buttons and what they do, and how to change settings.","https://www.paulcee.co.uk/blog/?equinox-900-setting-up","BlogPosting BreadcrumbList","","","Q1jp2mquvGk"
"https://www.paulcee.co.uk/blog/?how-to-fit-tele-knox-handle","how to fit tele nox handle - Blog","fitting tele-knox folding handle and arm cup replacement quick and easy","https://www.paulcee.co.uk/blog/?how-to-fit-tele-knox-handle","BlogPosting BreadcrumbList","","","HaG3cElzyTA"
"https://www.paulcee.co.uk/blog/?minelab-vanquish-beginner-tutorials","Minelab Vanquish Beginner Tutorials - Blog","minelab vanquish for beginners tutorials to help you get the best from your minelab vanquish","https://www.paulcee.co.uk/blog/?minelab-vanquish-beginner-tutorials","BlogPosting BreadcrumbList","","","3U-rQCywjOg"
"https://www.paulcee.co.uk/blog/?minelab-vanquish-dig-less-iron","Minelab Vanquish dig less iron - Blog","how to tell iron in the ground, with a minelab Vanquish Metal detector","https://www.paulcee.co.uk/blog/?minelab-vanquish-dig-less-iron","BlogPosting BreadcrumbList","","","R3axDr_92yc"
"https://www.paulcee.co.uk/blog/?minelab-metal-detector-training","Minelab Metal Detector Training - Blog","Metal detectors training Days","https://www.paulcee.co.uk/blog/?minelab-metal-detector-training","BlogPosting BreadcrumbList","","","63oEgXJ7Daw"
"https://www.paulcee.co.uk/blog/?looking-after-a-metal-detector","looking after a metal detector - Blog","how to help stop your minelab equinox coil lugs breaking how to look after your metal detector, basic maintenance not to overlook ","https://www.paulcee.co.uk/blog/?looking-after-a-metal-detector","BlogPosting BreadcrumbList","","https://www.crawfordsmd.com/minelab-teardrop-washers?tracking=fa202437c9","ZaJimpj9WwI"
"https://www.paulcee.co.uk/blog/?minelab-equinox-600-best-offer","Minelab Equinox 600 UK best offer - Blog","Summer offer from Minelab And CMD for the minelab Equinox 600","https://www.paulcee.co.uk/blog/?minelab-equinox-600-best-offer","BlogPosting BreadcrumbList","","","6MLVnqmW7cA"
"https://www.paulcee.co.uk/blog/?metal-detector-for-kids","Metal Detector for kids - Blog","good metal detector for kids in the summer is the minelab GO FIND 66. on offer with freebies","https://www.paulcee.co.uk/blog/?metal-detector-for-kids","BlogPosting BreadcrumbList","","","t46l99Z4vIA"
"https://www.paulcee.co.uk/blog/?minelab-vanquish-540-offer","Minelab Vanquish 540 OFFER - Blog","Minelab Vanquish UK best price","https://www.paulcee.co.uk/blog/?minelab-vanquish-540-offer","BlogPosting BreadcrumbList","","https://www.crawfordsmd.com/metal-detectors/minelab/minelab-vanquish/minelab-vanquish540-pro?tracking=fa202437c9","T8Bpd1S_oCM"
"https://www.paulcee.co.uk/blog/?how-to-pair-minelab-headphones","How to pair minelab Headphones - Blog","How to pair minelab Vanquish 540 headphones, a step by step easy guide on bluetooth connection","https://www.paulcee.co.uk/blog/?how-to-pair-minelab-headphones","BlogPosting BreadcrumbList","","","VEBEUnaj5DE"
"https://www.paulcee.co.uk/blog/?minelab-vanquish-straight-shaft","Minelab Vanquish Straight Shaft - Blog","Minelab Vanquish Free straight shaft conversion, step by step tutorial","https://www.paulcee.co.uk/blog/?minelab-vanquish-straight-shaft","BlogPosting BreadcrumbList","","https://www.crawfordsmd.com/metal-detecting-accessories/accessories-minelab/vanquish-accessories/vanquish-straight-shaft?tracking=fa202437c9","C-amjYLUwQg"
"https://www.paulcee.co.uk/blog/?beach-detecting-tips","Beach Detecting Tips - Blog","Tips for beach metal detecting in the Uk, where to go metal detecting on the beach and how to read a beach to get all the best finds for metal detectorists","https://www.paulcee.co.uk/blog/?beach-detecting-tips","BlogPosting BreadcrumbList","","","xcy4H4ZBgt8"
"https://www.paulcee.co.uk/blog/?best-places-to-metal-detect","best places to metal detect - Blog","where to find the best beaches around the Uk for metal detecting, using maps, Old Pictures, social media shrip wreck maps and admiralty maps","https://www.paulcee.co.uk/blog/?best-places-to-metal-detect","BlogPosting BreadcrumbList","","","CmfBGqfUUps"
"https://www.paulcee.co.uk/blog/?minelab-equinox-best-settings-uk","Minelab Equinox best settings - Blog","Best settings for the Minelab Equinox, beach and land, will help you for metal detecting and get better results and finds will increase","https://www.paulcee.co.uk/blog/?minelab-equinox-best-settings-uk","BlogPosting BreadcrumbList","","","MrT-sitP1z8"
"https://www.paulcee.co.uk/blog/?electrolysis-coin-cleaning","Electrolysis coin cleaning - Blog","Cleaning coins and silver with electrolysis, is an effective way to clean crusty coins and silver although care should be taken not to damage the silver or coin","https://www.paulcee.co.uk/blog/?electrolysis-coin-cleaning","BlogPosting BreadcrumbList","","","mNWusXSMGxo"
"https://www.paulcee.co.uk/blog/?evo-6000-review","Evo 6000 Review - Blog","C Scope EVO 6000 Review Coming Soon, A New Metal detector from C-Scope the EVO 6000","https://www.paulcee.co.uk/blog/?evo-6000-review","BlogPosting BreadcrumbList","","https://www.crawfordsmd.com/?tracking=fa202437c9",""
"https://www.paulcee.co.uk/blog/?coiltek-nox-15-inch-coil-review","Coiltek NOX 15 inch coil Review - Blog","Review and use of the Coiltek NOX 15 inch coil for the Minelab Equinox, and x-terra pro metal detectors","https://www.paulcee.co.uk/blog/?coiltek-nox-15-inch-coil-review","BlogPosting BreadcrumbList","","https://www.crawfordsmd.com/?tracking=fa202437c9","UbuV0Z8-P-s"
"https://www.paulcee.co.uk/blog/?cheap-metal-detecting-spades","Cheap metal detecting spades - Blog","Cheap metal detecting spades are bought by beginners at metal detecting, and should really be avoided and buy the best you can afford","https://www.paulcee.co.uk/blog/?cheap-metal-detecting-spades","BlogPosting BreadcrumbList","","","7Mimemzsf6E"
"https://www.paulcee.co.uk/blog/?amazing-beach-detecting-find","amazing beach detecting find - Blog","Found beach metal detecting in the uk with a Minelab GPX 5000, an amazing metal detecting find","https://www.paulcee.co.uk/blog/?amazing-beach-detecting-find","BlogPosting BreadcrumbList","","","AruXoJYh8Vo"
"https://www.paulcee.co.uk/blog/?motley-sandscoop","Motley Sandscoop - Blog","Motley Sandscoops could be the Best Sandscoops for beach metal detecting","https://www.paulcee.co.uk/blog/?motley-sandscoop","BlogPosting BreadcrumbList","","https://bit.ly/MotleyScoops","ypB0PuIzo04"
"https://www.paulcee.co.uk/blog/?minelab-equinox-discrimination","Minelab Equinox Discrimination - Blog","Restore Missing segments on a minelab Equinox Discrimination screen, easy to follow and quick fix","https://www.paulcee.co.uk/blog/?minelab-equinox-discrimination","BlogPosting BreadcrumbList","","https://www.crawfordsmd.com/?tracking=fa202437c9","44kWHDVk55I"
"https://www.paulcee.co.uk/blog/?coiltek-nox-coil-review","Coiltek Equinox Coil Review - Blog","Review and testing of the Coiltek Minelab Equinox 14x9 Search Coil","https://www.paulcee.co.uk/blog/?coiltek-nox-coil-review","BlogPosting BreadcrumbList","","https://www.crawfordsmd.com/metal-detecting-accessories/accessories-coiltek?tracking=fa202437c9","jQGj0yCzdDI"
"https://www.paulcee.co.uk/blog/?which-beginner-metal-detector-is-best","which beginner metal detector is best - Blog","looking at which metal detector is best for a beginner to metal detecting, entry level and easy to use","https://www.paulcee.co.uk/blog/?which-beginner-metal-detector-is-best","BlogPosting BreadcrumbList","","","hjGB8153a0Q"
"https://www.paulcee.co.uk/blog/?coiltek-nox-10-inch-coil","Coiltek NOX 10x5 coil review - Blog","New Coiltek coils for the Minelab Equinox what are they and review","https://www.paulcee.co.uk/blog/?coiltek-nox-10-inch-coil","BlogPosting BreadcrumbList","","","MGMqlr-9sPk"
"https://www.paulcee.co.uk/blog/?beach-metal-detecting-tips-uk","beach metal detecting tips uk - Blog","Tips for beach metal detecting in the Uk, where to go metal detecting on the beach and how to read a beach to get all the best finds for metal detectorists","https://www.paulcee.co.uk/blog/?beach-metal-detecting-tips-uk","BlogPosting BreadcrumbList","","https://www.crawfordsmd.com/?tracking=fa202437c9","xcy4H4ZBgt8"
"https://www.paulcee.co.uk/blog/?emiter-sandscoops","EmiteR sandscoops - Blog","Emiter cheap Budget sandscoops for beach metal detecting in the uk","https://www.paulcee.co.uk/blog/?emiter-sandscoops","BlogPosting BreadcrumbList","","https://www.crawfordsmd.com/sandscoop-s150?tracking=fa202437c9 https://www.crawfordsmd.com/metal-detecting-accessories/digging-tools/emiter-tools?tracking=fa202437c9","1TZHAfeop8k"
"https://www.paulcee.co.uk/blog/?minelab-pro-find-user-guide","Minelab Pro Find user guide - Blog","How to use a Minelab Pro find, tutorial for setting up and how to reset, minelab Pro find problems resolved","https://www.paulcee.co.uk/blog/?minelab-pro-find-user-guide","BlogPosting BreadcrumbList","","","TgGDcPCVXDQ"
"https://www.paulcee.co.uk/blog/?metal-detectors-used-in-the-grand-tour","metal detectors used in the grand tour - Blog","We Look at the metal detector which featured in the Grand Tour on Amazon with Clarksom, May and Hammond, in a Massive Hunt","https://www.paulcee.co.uk/blog/?metal-detectors-used-in-the-grand-tour","BlogPosting BreadcrumbList","","","64EZU8zFQFg"
"https://www.paulcee.co.uk/blog/?new-minelab-vanquish-battery","NEW Minelab Vanquish Battery - Blog","RNB Battery pack for the minelab vanquish metal detectors, will give the user up to 30 hours of detecting time on a single charge","https://www.paulcee.co.uk/blog/?new-minelab-vanquish-battery","BlogPosting BreadcrumbList","","http://bit.ly/2FsdkJD https://www.crawfordsmd.com/minelab-vanquish?tracking=fa202437c9","QawZym8r0CM"
"https://www.paulcee.co.uk/blog/?why-minelab-equinox","Why Minelab Equinox - Blog","minelab equinox 800, the best metal detector for the beach and beginners and why its a great detector to use","https://www.paulcee.co.uk/blog/?why-minelab-equinox","BlogPosting BreadcrumbList","","","MrT-sitP1z8"
"https://www.paulcee.co.uk/blog/?minelab-vanquish-iron-volume","Minelab Vanquish Iron Volume - Blog","where to find the Iron volume on a minelab vanquish metal detector, after the latest vanquish update a new feature is available","https://www.paulcee.co.uk/blog/?minelab-vanquish-iron-volume","BlogPosting BreadcrumbList","","","HYzZLG3UkPs"
"https://www.paulcee.co.uk/blog/?minelab-vanquish-software-update","Minelab Vanquish software update - Blog","How to update software on Minelab Vanquish to the latest version with minelab Update utility","https://www.paulcee.co.uk/blog/?minelab-vanquish-software-update","BlogPosting BreadcrumbList","","http://bit.ly/mnlbVnqush https://www.minelab.com/__files/d/436006/Minelab%20Update%20Utility%20-%20Vanquish%20Upgrade%201.1%20(Windows).exe","03cvE-6ng0c"
"https://www.paulcee.co.uk/blog/?minelab-equinox-update-latest","Minelab Equinox update latest - Blog","minelab Equinox update latest version review and beach test, is it worth doing the equinox update, what features are in the minelab equinox update is stable","https://www.paulcee.co.uk/blog/?minelab-equinox-update-latest","BlogPosting BreadcrumbList","","","iDtx0hcI56Y"
"https://www.paulcee.co.uk/blog/?minelab-vanquish-headphones-loud","Good Minelab Vanquish headphones - Blog","good headphones for the minelab vanquish, minelab equinox and manticore, will also work on other metal detectors, these SuperBlue headphones are very loud","https://www.paulcee.co.uk/blog/?minelab-vanquish-headphones-loud","BlogPosting BreadcrumbList","","",""
"https://www.paulcee.co.uk/blog/?minelab-equinox-v3-update-2020-4khz-added","Minelab Equinox V3 UPDATE 2020 4khz added - Blog","Minelab Equinox update V3 2020 how to download and install","https://www.paulcee.co.uk/blog/?minelab-equinox-v3-update-2020-4khz-added","BlogPosting BreadcrumbList","","http://bit.ly/2VcUX0q https://www.minelab.com/equinox-software-update-3-0","TemGGVBz8QQ"
"https://www.paulcee.co.uk/blog/?minelab-vanquish-headphones","Best Minelab Vanquish Headphones - Blog","best and loudest heaphones for the minelab Vanquish series range of metal detectors","https://www.paulcee.co.uk/blog/?minelab-vanquish-headphones","BlogPosting BreadcrumbList","","",""
"https://www.paulcee.co.uk/blog/?anderson-neptune-2-part-carbon-sandscoop-shaft-uk","Anderson Neptune 2 part Carbon Sandscoop shaft uk - Blog","Anderson Carbon Fiber Sandscoop Shaft uk","https://www.paulcee.co.uk/blog/?anderson-neptune-2-part-carbon-sandscoop-shaft-uk","BlogPosting BreadcrumbList","","https://bit.ly/andrsonshfts",""
"https://www.paulcee.co.uk/blog/?minelab-vanquish-faint-signals","Minelab Vanquish Faint Signals - Blog","Minelab Vanquish, how to find deep targets when metal detecting and what to listen for.","https://www.paulcee.co.uk/blog/?minelab-vanquish-faint-signals","BlogPosting BreadcrumbList","","","VFs17MM2dzQ"
"https://www.paulcee.co.uk/blog/?minelab-equinox-carbon-shaft-review","Detect ED Minelab Equinox shaft Review - Blog","Detect ED Minelab equinox carbon shaft review, fitted with the Minelab Equinox standard coil, a good stron shaft for the minelab equinox detector","https://www.paulcee.co.uk/blog/?minelab-equinox-carbon-shaft-review","BlogPosting BreadcrumbList","","","fUIRpdWg6xE"
"https://www.paulcee.co.uk/blog/?minelab-vanquish-440-beach-detecting","Minelab Vanquish 440 beach detecting - Blog","Minelab Vanquish 440 and Minelab Equinox, HUGE WW2 Ammunition found metal detecting on the Beach","https://www.paulcee.co.uk/blog/?minelab-vanquish-440-beach-detecting","BlogPosting BreadcrumbList","","","1N-na5IocPQ"
"https://www.paulcee.co.uk/blog/?minelab-vanquish-beginners-learning","Minelab Vanquish beginners learning - Blog","learning to metal detect with a minelab vanquish metal detector","https://www.paulcee.co.uk/blog/?minelab-vanquish-beginners-learning","BlogPosting BreadcrumbList","","http://bit.ly/mnlbVnqush","vYJAOOJPZtM"
"https://www.paulcee.co.uk/blog/?minelab-vanquish-440-beach-detecting-uk","minelab vanquish 440 beach detecting uk - Blog","a beginner with a minelab vanquish 440, tries to go metal detecting on the beach at cleethorpes","https://www.paulcee.co.uk/blog/?minelab-vanquish-440-beach-detecting-uk","BlogPosting BreadcrumbList","","https://www.crawfordsmd.com/minelab-vanquish340?tracking=fa202437c9","GdJf6JGAjfw"
"https://www.paulcee.co.uk/blog/?vanquish-vs-simplex-beach-detecting","minelab vanquish vs simplex beach detecting - Blog","Minelab Vanquish vs Nokta Simplex on black sand beach metal detecting, why the Vanquish Multi iq is better than a single frequency detector","https://www.paulcee.co.uk/blog/?vanquish-vs-simplex-beach-detecting","BlogPosting BreadcrumbList","","","rP4Rhh0Mujs"
"https://www.paulcee.co.uk/blog/?minelab-vanquish-pin-pointing-method","Minelab Vanquish Pin pointing method - Blog","how to pinpoint with a minelab vanquish metal detector, diffeant methods of finding the target that is under the search coil","https://www.paulcee.co.uk/blog/?minelab-vanquish-pin-pointing-method","BlogPosting BreadcrumbList","","","CcqNhVVZutA"
"https://www.paulcee.co.uk/blog/?minelab-vanquish-340-discrimination-settings","Minelab Vanquish 340 Discrimination settings - Blog","how to use and set up discrimination on a minelab vanquish metal detector","https://www.paulcee.co.uk/blog/?minelab-vanquish-340-discrimination-settings","BlogPosting BreadcrumbList","","http://bit.ly/2VcUX0q http://bit.ly/mnlbVnqush","hqBnFZE2Q80"
"https://www.paulcee.co.uk/blog/?minelab-ctx-3030-beach-program","minelab ctx 3030 beach program - Blog","testing a ctx 3030 program for the beach","https://www.paulcee.co.uk/blog/?minelab-ctx-3030-beach-program","BlogPosting BreadcrumbList","","",""
"https://www.paulcee.co.uk/blog/?ctx-3030-beach-metal-detecting-deep-gold","ctx 3030 beach metal detecting deep gold - Blog","is the minelab ctx 3030 still a good metal detector for the beach","https://www.paulcee.co.uk/blog/?ctx-3030-beach-metal-detecting-deep-gold","BlogPosting BreadcrumbList","","https://www.crawfordsmd.com/?tracking=fa202437c9","4VpL9UetYJc"
"https://www.paulcee.co.uk/blog/?metal-detecting-uk-beach-gold","Metal Detecting uk beach gold - Blog","how to find gold on a beach using a minelab metal detector","https://www.paulcee.co.uk/blog/?metal-detecting-uk-beach-gold","BlogPosting BreadcrumbList","","","mH5x66tqx78"
"https://www.paulcee.co.uk/blog/?coiltek-14x9-ctx3030-coil","Coiltek 14x9 coil - Blog","The coiltek 14x9 search coil for the Minelab Detectors this model is for the CTX 3030 but also available for the Minelab Equinox and X-terra Pro","https://www.paulcee.co.uk/blog/?coiltek-14x9-ctx3030-coil","BlogPosting BreadcrumbList","","","Et26ZiXH5F0"
"https://www.paulcee.co.uk/blog/?ctx3030-silver-coins-beach-detecting","CTX3030 Silver Coins beach Detecting - Blog","is the minelab ctx 3030 still a good metal detector, we take one along to the beach to hunt for treasure","https://www.paulcee.co.uk/blog/?ctx3030-silver-coins-beach-detecting","BlogPosting BreadcrumbList","","","GNwc1QKyV44"
"https://www.paulcee.co.uk/blog/?metal-detecting-and-treasure-hunting-finds","metal detecting and treasure hunting finds - Blog","metal detector finds silver coins","https://www.paulcee.co.uk/blog/?metal-detecting-and-treasure-hunting-finds","BlogPosting BreadcrumbList","","","9htdRBGqWDA"
"https://www.paulcee.co.uk/blog/?metal-detecting-beach-uk-finds","metal detecting beach uk finds - Blog","metal detector best finds from metal detecting on the beach","https://www.paulcee.co.uk/blog/?metal-detecting-beach-uk-finds","BlogPosting BreadcrumbList","","","w8_1UjTMDgo"
"https://www.paulcee.co.uk/blog/?good-finds-metal-detecting-uk","good finds metal detecting uk - Blog","some really good finds from detecting beaches and fields in the uk with minelab metal detectors","https://www.paulcee.co.uk/blog/?good-finds-metal-detecting-uk","BlogPosting BreadcrumbList","","http://bit.ly/2VcUX0q",""
"https://www.paulcee.co.uk/blog/?armani-and-diamonds-metal-detecting-bournemouth","Armani and diamonds metal detecting Bournemouth - Blog","bournemouth beach metal detecting with a minelab ctx 3030 the detector that finds treasures","https://www.paulcee.co.uk/blog/?armani-and-diamonds-metal-detecting-bournemouth","BlogPosting BreadcrumbList","","","5uh-ws2Rnro"
"https://www.paulcee.co.uk/blog/?hammered-coins-found-metal-detecting","Hammered coins found metal detecting - Blog","find hammered coins with a metal detector, what could you find when you go metal detecting","https://www.paulcee.co.uk/blog/?hammered-coins-found-metal-detecting","BlogPosting BreadcrumbList","","","AOvYl5rq5mM"
"https://www.paulcee.co.uk/blog/?ctx-3030-and-17-inch-coil","ctx 3030 and 17 inch coil - Blog","is the minelab ctx 3030 and 17 inch coil good for beach metal detecting, great for depth and ground coverage","https://www.paulcee.co.uk/blog/?ctx-3030-and-17-inch-coil","BlogPosting BreadcrumbList","","http://bit.ly/2VcUX0q","5WXemV7s7qo"
"https://www.paulcee.co.uk/blog/?minelab-vanquish-sensitivity-settings","Minelab Vanquish Sensitivity Settings - Blog","how to setup and use the sensitivity on a minelab vanquish, get the sensitivity right with our helpful tutorials on the Minelab Vanquish","https://www.paulcee.co.uk/blog/?minelab-vanquish-sensitivity-settings","BlogPosting BreadcrumbList","","","qklvWf76-nc"
"https://www.paulcee.co.uk/blog/?metal-detecting-best-finds","metal detecting good finds - Blog","Really good metal detecting finds from the UK metal detecting on beach and fields with our minelab detectors","https://www.paulcee.co.uk/blog/?metal-detecting-best-finds","BlogPosting BreadcrumbList","","","tHlHRURKLdw"
"https://www.paulcee.co.uk/blog/?minelab-vanquish-340-or-vanquish-540","Minelab Vanquish 340 or Vanquish 540 - Blog","what does the minelab vanquish 540 have that the vanquish 340 is missing, both have multi iq but the vanquish 540 has more settings and features","https://www.paulcee.co.uk/blog/?minelab-vanquish-340-or-vanquish-540","BlogPosting BreadcrumbList","","http://bit.ly/2VcUX0q","HZkSggRUZrg"
"https://www.paulcee.co.uk/blog/?minelab-vanquish-340-metal-detecting","Minelab Vanquish 340 metal detecting - Blog","the minelab vanquish is ideal fro beginners here we went metal detecting in the garden it has never been detected until now, but will we find any coins","https://www.paulcee.co.uk/blog/?minelab-vanquish-340-metal-detecting","BlogPosting BreadcrumbList","","","OaS4MaO1bB0"
"https://www.paulcee.co.uk/blog/?metal-detecting-uk-beach","Beach detecting ban - Blog","no more metal detecting at cleethorpes for a while on the beaches the ban means its over for a while","https://www.paulcee.co.uk/blog/?metal-detecting-uk-beach","BlogPosting BreadcrumbList","","","B6xeyyl-Kz4"
"https://www.paulcee.co.uk/blog/?lakeside-nature-reserve","Lakeside Nature Reserve - Blog","a walk around ashby ville ponds in scunthorpe","https://www.paulcee.co.uk/blog/?lakeside-nature-reserve","BlogPosting BreadcrumbList","","","HHF4hBooTiE"
"https://www.paulcee.co.uk/blog/?best-sand-scoops-for-metal-detecting-beach","best sand scoops for metal detecting beach - Blog","what are the best sand scoops for metal detecting on beaches, we look at Evolution scoops, Swagier Scoops, sito scoops and Anderson Neptune Carbon shafts","https://www.paulcee.co.uk/blog/?best-sand-scoops-for-metal-detecting-beach","BlogPosting BreadcrumbList","","","ZCdnr-0rXwE"
"https://www.paulcee.co.uk/blog/?detecting-storm-ciara","Detecting Storm Ciara - Blog","Metal Detecting In STORM CIARA","https://www.paulcee.co.uk/blog/?detecting-storm-ciara","BlogPosting BreadcrumbList","","","uaNhtM_Zuok"
"https://www.paulcee.co.uk/blog/?minelab-vanquish-540","Minelab Vanquish 540 Roman - Blog","roman finds today with the vanquish 540, metal detecting on fields, a great 1sr metal detector available from crawfords metal detectorss","https://www.paulcee.co.uk/blog/?minelab-vanquish-540","BlogPosting BreadcrumbList","","http://bit.ly/mnlbVnqush https://www.crawfordsmd.com/minelab-vanquish?tracking=fa202437c9 http://bit.ly/2FsdkJD http://bit.ly/2VcUX0q","r5B5UuQ74bA"
"https://www.paulcee.co.uk/blog/?minelab-vanquish-beach","Minelab Vanquish Beach test - Blog","how does a beginner start metal detecting with a minelab vanquish, from detecting in water to dry sand the vanquish will work","https://www.paulcee.co.uk/blog/?minelab-vanquish-beach","BlogPosting BreadcrumbList","","","u9OzVsaWk6U"
"https://www.paulcee.co.uk/blog/?old-maps-for-metal-detecting","old maps for metal detecting - Blog","Maps for metal detecting reasearch, with side by side maps and lidar maps.","https://www.paulcee.co.uk/blog/?old-maps-for-metal-detecting","BlogPosting BreadcrumbList","","http://bit.ly/archiuk http://bit.ly/W3W_YT http://bit.ly/lidar_YT","-v_ye2cnzOc"
"https://www.paulcee.co.uk/blog/?how-to-update-minelab-equinox","HOW TO Update Minelab Equinox - Blog","How to Update Minelab Equinox, and find out which Software Version is installed on my Minelab Equinox using the minelab update utility, or rollback software","https://www.paulcee.co.uk/blog/?how-to-update-minelab-equinox","BlogPosting BreadcrumbList","","","TemGGVBz8QQ"
"https://www.paulcee.co.uk/blog/?minelab-vanquish-setup","minelab Vanquish setup - Blog","minelab vanquish features, setting and what the buttons do, what you can change to make it easy to metal detect as a beginner","https://www.paulcee.co.uk/blog/?minelab-vanquish-setup","BlogPosting BreadcrumbList","","","yA7hhnbGFwI"
"https://www.paulcee.co.uk/blog/?equinox-update-2019-test","latest Equinox Update - Blog","the latest update for the minelab equinox, where to find it and how to use it","https://www.paulcee.co.uk/blog/?equinox-update-2019-test","BlogPosting BreadcrumbList","","http://bit.ly/2VcUX0q","zMEnKwjsUvU"
"https://www.paulcee.co.uk/blog/?minelab-vanquish-540-test","Minelab Vanquish 540 test - Blog","minelab vanquish 540 field test, recovery speed and air depth test, review of what is available on the minelab vanquish detectors","https://www.paulcee.co.uk/blog/?minelab-vanquish-540-test","BlogPosting BreadcrumbList","","https://www.crawfordsmd.com/minelab-vanquish?tracking=fa202437c9","IshXhFWCaDw"
"https://www.paulcee.co.uk/blog/?minelab-vanquish","Minelab Vanquish Review - Blog","test and review of the minelab vanquish 340 and vanquish 440, how do they perform and are the good for the money, these are ideal for beginners to detecting","https://www.paulcee.co.uk/blog/?minelab-vanquish","BlogPosting BreadcrumbList","","http://bit.ly/2VcUX0q https://www.crawfordsmd.com/minelab-vanquish?tracking=fa202437c9","k9Z_jH17y-A"
"https://www.paulcee.co.uk/blog/?equinox-power-bank","Equinox power bank - Blog","A usb high power battery for the Minelab Equinox range, will also suit other metal detectors which can be charged with USB","https://www.paulcee.co.uk/blog/?equinox-power-bank","BlogPosting BreadcrumbList","","",""
"https://www.paulcee.co.uk/blog/?cut-hammered-coins","minelab equinox Cut Hammered coins - Blog","find very small cur hammered silver coins with a minelab equinox and the correct settings for where you are detecting, not beach to land settings","https://www.paulcee.co.uk/blog/?cut-hammered-coins","BlogPosting BreadcrumbList","","http://bit.ly/2FsdkJD","RpzLl8jU_bM"
"https://www.paulcee.co.uk/blog/?celtic-silver-coin","Celtic silver unit coin - Blog","Minelab Equinox 800 Celtic silver unit coin and hammered coins settings that got results metal detecting in Norfolk uk","https://www.paulcee.co.uk/blog/?celtic-silver-coin","BlogPosting BreadcrumbList","","","r-JqKu-ilLI"
"https://www.paulcee.co.uk/blog/?jersey-liberation-coins","jersey liberation coins - Blog","Jersey liberation coins found metal detecting on mablethorpe beach, these coins minted i think were no really common","https://www.paulcee.co.uk/blog/?jersey-liberation-coins","BlogPosting BreadcrumbList","","","k1FhSJJ641E"
"https://www.paulcee.co.uk/blog/?ctx3030-beach-detecting-deep-old-coins-and-ring","ctx3030 beach detecting deep - Blog","Minelab ctx 3030 uk. deep beach program metal detecting uk will help you find more gold metal detecting","https://www.paulcee.co.uk/blog/?ctx3030-beach-detecting-deep-old-coins-and-ring","BlogPosting BreadcrumbList","","http://bit.ly/2xJ0AJW","7xNb0-7CUPs"
"https://www.paulcee.co.uk/blog/?equinox-800-5-hammered-coins","Equinox 800 5 hammered coins - Blog","settings for the minelab equinox and hammered coins, today we found 5 hammered coins with the minelab equinox","https://www.paulcee.co.uk/blog/?equinox-800-5-hammered-coins","BlogPosting BreadcrumbList","","http://bit.ly/2VcUX0q","UAkXo4GL8sQ"
"https://www.paulcee.co.uk/blog/?more-gold-from-the-beach-with-the-ctx3030","more gold from the beach with the CTX3030 - Blog","Find more gold metal detecting, minelab ctx 3030 is one of the best metal detectors for finding gold on the beach","https://www.paulcee.co.uk/blog/?more-gold-from-the-beach-with-the-ctx3030","BlogPosting BreadcrumbList","","http://bit.ly/2G1BivI","jsXJ9UE4jsQ"
"https://www.paulcee.co.uk/blog/?ctx3030-and-the-6-coil-beach-detecting-in-iron","ctx3030 6 inch coil beach detecting - Blog","minelab ctx 3030 metal detecting very trashy area","https://www.paulcee.co.uk/blog/?ctx3030-and-the-6-coil-beach-detecting-in-iron","BlogPosting BreadcrumbList","","","JmUwDtWLrZo"
"https://www.paulcee.co.uk/blog/?good-gold-ring-beach-metal-detect","good gold ring beach metal detecting - Blog","gold submariners ring found metal detecting on a beach in england, this was a really nice find with the Minelab ctx 3030","https://www.paulcee.co.uk/blog/?good-gold-ring-beach-metal-detect","BlogPosting BreadcrumbList","","","84Nvuph0aBQ"
"https://www.paulcee.co.uk/blog/?gold-coins-ring-bullet-beach-metal-detecting","beach metal detecting gold - Blog","metal detecting uk beach finding gold ","https://www.paulcee.co.uk/blog/?gold-coins-ring-bullet-beach-metal-detecting","BlogPosting BreadcrumbList","","","NRxKYIGG8aM"
"https://www.paulcee.co.uk/blog/?where-to-metal-detect-cuts-on-the-beach-seahunter-mk2-ctx-3030-settings","metal detect beach seahunter mk2 uk - Blog","minelab ctx 3030 and garrett seahunter mk2 beach metal detecting","https://www.paulcee.co.uk/blog/?where-to-metal-detect-cuts-on-the-beach-seahunter-mk2-ctx-3030-settings","BlogPosting BreadcrumbList","","","ntrMM25DrmA"
"https://www.paulcee.co.uk/blog/?ctx3030-and-xp-deus-metal-detecting-skegness-lincolnshire","Minelab Ctx 3030 metal Detecting Skegness beach - Blog","metal detecting skegness beach lincolnshire england, with a minelab CTX 3030 the ideal metal detector for beach metal detecting","https://www.paulcee.co.uk/blog/?ctx3030-and-xp-deus-metal-detecting-skegness-lincolnshire","BlogPosting BreadcrumbList","","","M9lUGX1PJH0"
"https://www.paulcee.co.uk/blog/?gold-ring-and-big-silver-coin-purse-finds","Gold Ring and big Silver coin purse finds - Blog","metal detecting uk beaches minelab ctx 3030 a great detector for beach detecting ","https://www.paulcee.co.uk/blog/?gold-ring-and-big-silver-coin-purse-finds","BlogPosting BreadcrumbList","","http://bit.ly/2VcUX0q http://bit.ly/2FsdkJD","5WXemV7s7qo"
"https://www.paulcee.co.uk/blog/?ctx3030-and-xpdeus-beach-metal-detecting","ctx3030 and xpdeus beach metal detecting - Blog","ctx 3030 and xp deus beach metal detecting uk","https://www.paulcee.co.uk/blog/?ctx3030-and-xpdeus-beach-metal-detecting","BlogPosting BreadcrumbList","","http://bit.ly/2VcUX0q","R4Mvken0YrY"
"https://www.paulcee.co.uk/blog/?rings-and-coins-water-beach-detecting-ctx3030","water beach detecting ctx3030 - Blog","metal detecting uk beaches minelab ctx 3030 best waterproof metal detector","https://www.paulcee.co.uk/blog/?rings-and-coins-water-beach-detecting-ctx3030","BlogPosting BreadcrumbList","","http://bit.ly/2xJ0AJW http://bit.ly/2VcUX0q","nX88uQnHMiY"
"https://www.paulcee.co.uk/blog/?ring-from-lincolnshire-beach-with-the-ctx3030-anderson-neptune-carbon-fiber-shaft-t-rex","metal detecting on cleethorpes beach - Blog","when you just get lucky metal detecting cleethorpes beaches","https://www.paulcee.co.uk/blog/?ring-from-lincolnshire-beach-with-the-ctx3030-anderson-neptune-carbon-fiber-shaft-t-rex","BlogPosting BreadcrumbList","","http://bit.ly/2VcUX0q","DX-zDqzHWgo"
"https://www.paulcee.co.uk/blog/?ring-from-the-beach-metal-detecting-with-the-minelab-ctx-3030","beach metal detecting with the minelab ctx 3030 - Blog","best metal detector for metal detecting Cleethorpes beach, is the minelab ctx 3030","https://www.paulcee.co.uk/blog/?ring-from-the-beach-metal-detecting-with-the-minelab-ctx-3030","BlogPosting BreadcrumbList","","","c7edtQZXd5M"
"https://www.paulcee.co.uk/blog/?detecting-beaches-with-the-ctx3030-and-garrett-seahunter-mkii","Garrett Seahunter MkII uk beach detect - Blog","CTX 3030 and garrett seahunter mk2 metal detecting uk beaches","https://www.paulcee.co.uk/blog/?detecting-beaches-with-the-ctx3030-and-garrett-seahunter-mkii","BlogPosting BreadcrumbList","","http://bit.ly/2VcUX0q http://bit.ly/32hjeGL","LeFf35sIzfc"
"https://www.paulcee.co.uk/blog/?beach-metal-detecting-lincolnshire","beach metal detecting lincolnshire - Blog","metal detecting on cleethorpes beach","https://www.paulcee.co.uk/blog/?beach-metal-detecting-lincolnshire","BlogPosting BreadcrumbList","","http://bit.ly/2VcUX0q","AjJuV7YvSvA"
"https://www.paulcee.co.uk/blog/?gold-rings-and-some-coins-with-the-ctx3030-on-the-beach","CTX3030 metal detecting beach gold - Blog","beach metal detecting minelab ctx 3030 finds gold, where and how to find gold with a metal detector","https://www.paulcee.co.uk/blog/?gold-rings-and-some-coins-with-the-ctx3030-on-the-beach","BlogPosting BreadcrumbList","","http://bit.ly/2xJ0AJW","R-NBlW0Xs_I"
"https://www.paulcee.co.uk/blog/?anderson-neptune-carbon-fibre-scoop-handle-t-rex-scoop","Anderson Neptune Carbon fibre scoop handle T Rex Scoop - Blog","Anderson neptune carbon sand scoop shaft uk fitted to TREX Sand scoop","https://www.paulcee.co.uk/blog/?anderson-neptune-carbon-fibre-scoop-handle-t-rex-scoop","BlogPosting BreadcrumbList","","http://bit.ly/2VcUX0q http://bit.ly/2G1BivI",""
"https://www.paulcee.co.uk/blog/?deus-fitted-with-the-anderson-carbon-fibre-custom-straight-shaft","XP Deus Anderson Carbon Fibre custom Straight shaft - Blog","Anderson carbon shafts for the XP Deus, straight carbon metal detector shaft, metal detector shaft wobble, replacement metal detector shaft","https://www.paulcee.co.uk/blog/?deus-fitted-with-the-anderson-carbon-fibre-custom-straight-shaft","BlogPosting BreadcrumbList","","http://bit.ly/2VcUX0q http://bit.ly/2W9RTBX",""
"https://www.paulcee.co.uk/blog/?beach-metal-detecting-garrett-atx-seahunter-mk2-minelab-ctx3030","beach metal detecting Garrett ATX, SEAHunter MkII,minelab CTX3030 - Blog","Garrett ATX beach metal detecting","https://www.paulcee.co.uk/blog/?beach-metal-detecting-garrett-atx-seahunter-mk2-minelab-ctx3030","BlogPosting BreadcrumbList","","","HzAkAI523hw"
"https://www.paulcee.co.uk/blog/?mals-surffones","Mals SurfFones Minelab  - Blog","what are the best headphones for the minelab ctx 3030 minelab Excallibur or minelab equinox 800 & 600","https://www.paulcee.co.uk/blog/?mals-surffones","BlogPosting BreadcrumbList","","",""
"https://www.paulcee.co.uk/blog/?garrett-seahunter-mk2-best-settings-for-dry-sand-metal-detecting","Garrett Seahunter Mk2 best settings for dry sand metal detecting - Blog","garrett seahunter mk2 best settings for uk beach","https://www.paulcee.co.uk/blog/?garrett-seahunter-mk2-best-settings-for-dry-sand-metal-detecting","BlogPosting BreadcrumbList","","http://bit.ly/32hjeGL",""
"https://www.paulcee.co.uk/blog/?lincolnshire-beach-metal-detecting","lincolnshire beach metal detecting - Blog","metal detecting lincolnshire beach at cleethorpes with a minelab ctx 3030","https://www.paulcee.co.uk/blog/?lincolnshire-beach-metal-detecting","BlogPosting BreadcrumbList","","http://bit.ly/2VcUX0q","JM6XH2uFmKU"
"https://www.paulcee.co.uk/blog/?minelab-go-find-40-entry-level-detector-review","Minelab Go-find 40 Entry level detector review - Blog","minelab gofind metal detector for beginners","https://www.paulcee.co.uk/blog/?minelab-go-find-40-entry-level-detector-review","BlogPosting BreadcrumbList","","https://www.crawfordsmd.com/?tracking=fa202437c9","-tQ8UPpDcYw"
"https://www.paulcee.co.uk/blog/?metal-detecting-jackpot","minelab equinox hammered coins - Blog","Minelab Equinox 800, setup up to find small silver hammered coins, metal detecting find of a lifetime for me","https://www.paulcee.co.uk/blog/?metal-detecting-jackpot","BlogPosting BreadcrumbList","","http://bit.ly/2VcUX0q","QEZ8_DVFSDo"
"https://www.paulcee.co.uk/blog/?minelab-equinox-800-vs","Minelab Equinox 800 vs Seahunter - Blog","Minelab Equinox 800 vs Garrett seahunter Mk 2","https://www.paulcee.co.uk/blog/?minelab-equinox-800-vs","BlogPosting BreadcrumbList","","","l0pUWGIDWwU"
"https://www.paulcee.co.uk/blog/?bike-night-2019","Bike night BRIGG - Blog","whats happening in brigg, Bike Night, Racing bikes road bikes, custom and classic bike meet in Brigg North Lincolnshire","https://www.paulcee.co.uk/blog/?bike-night-2019","BlogPosting BreadcrumbList","","http://bit.ly/2VcUX0q","DH0KaM1Udwg"
"https://www.paulcee.co.uk/blog/?looking-for-gold-on-the-beach-metal-detecting","looking for gold on the beach metal detecting - Blog","beach metal detecting, looking for gold, minelab ctx 3030 metal detector","https://www.paulcee.co.uk/blog/?looking-for-gold-on-the-beach-metal-detecting","BlogPosting BreadcrumbList","","http://andersondetectorshafts.com","LPfIUzWpDn0"
"https://www.paulcee.co.uk/blog/?minelab-equinox-settings","Minelab Equinox Settings - Blog","how to get the best settings for a minelab metal detectors, from minelab vanquish, minelab manticore, minelab equinox or ctx 3030 we are here to help","https://www.paulcee.co.uk/blog/?minelab-equinox-settings","BlogPosting BreadcrumbList","","http://bit.ly/2VcUX0q","LKpEFy9ZYLI"
"https://www.paulcee.co.uk/blog/?spring-detectival-2019","Spring Detectival - Blog","this is the rally where the Hambledon hoard is found, crawfords and minelab were in attendance with test lanes and actually did some metal detecting","https://www.paulcee.co.uk/blog/?spring-detectival-2019","BlogPosting BreadcrumbList","","","48yqxdN2hi8"
"https://www.paulcee.co.uk/blog/?hambledon-hoard","Hambledon hoard amazing gold coins found - Blog","the amazing moments from when a huge hoard of gold and silver coins were found metal detecting in the uk","https://www.paulcee.co.uk/blog/?hambledon-hoard","BlogPosting BreadcrumbList","","http://bit.ly/2VcUX0q","49lbEIUvU3c"
"https://www.paulcee.co.uk/blog/?minelab-equinox-800-4-tone-set-up","Minelab Equinox 800 4 tone set up - Blog","how to set up Minelab Equinox 800 to 4 tones, minelab equinox settings to change to make for better metal detecting can be used on beach or land","https://www.paulcee.co.uk/blog/?minelab-equinox-800-4-tone-set-up","BlogPosting BreadcrumbList","","",""
"https://www.paulcee.co.uk/blog/?minelab-equinox-beach-settings-paul-cee","Minelab Equinox Beach Settings - Blog","beach settings for the minelab equinox, setting has produced great finds and can be adapted for the minelab equinox 900, for sharper tones use the depth mode","https://www.paulcee.co.uk/blog/?minelab-equinox-beach-settings-paul-cee","BlogPosting BreadcrumbList","","",""
"https://www.paulcee.co.uk/blog/?minelab-equinox-metal-armcup-not-plastic","Minelab Equinox Metal Armcup - Blog","metal arm cup for Minelab Equinox, detect ed arm cup, minelab equinox replacement arm cup, minelab armcup broken, aluminium arm cup for a metal detector","https://www.paulcee.co.uk/blog/?minelab-equinox-metal-armcup-not-plastic","BlogPosting BreadcrumbList","","","videoseries"
"https://www.paulcee.co.uk/blog/?minelab-equinox-gold-chain","minelab equinox gold chain - Blog","Equinox gold chain tones and numbers, will a minelab equinox find a small thin gold chain","https://www.paulcee.co.uk/blog/?minelab-equinox-gold-chain","BlogPosting BreadcrumbList","","https://www.crawfordsmd.com/?tracking=fa202437c9","Qxj9SRMD7hE"
"https://www.paulcee.co.uk/blog/?minelab-equinox-800-gold-settings","Minelab Equinox 800 Gold Settings - Blog","setting that you need to use to find small gold chain on the minelab equinox 800","https://www.paulcee.co.uk/blog/?minelab-equinox-800-gold-settings","BlogPosting BreadcrumbList","","http://bit.ly/2VcUX0q","GVdLppIdjpw"
"https://www.paulcee.co.uk/blog/?minelab-equinox-beach-settings","Minelab equinox beach settings - Blog","Minelab Equinox beach settings","https://www.paulcee.co.uk/blog/?minelab-equinox-beach-settings","BlogPosting BreadcrumbList","","",""
"https://www.paulcee.co.uk/blog/?minelab-equinox-headphones","minelab equinox headphones - Blog","Minelab Equinox, Minelab Manticore and X-Terra Pro Best after market headphones are the Predators made by crawfords metal detecors","https://www.paulcee.co.uk/blog/?minelab-equinox-headphones","BlogPosting BreadcrumbList","","https://www.crawfordsmd.com/predator-excelsior-headphones?tracking=fa202437c9 https://www.crawfordsmd.com/metal-detecting-accessories/accessories-minelab/accessories-minelab-equinox/equinox-waterproof-adaptor?tracking=fa202437c9 https://www.crawfordsmd.com/metal-detecting-accessories/headphones/equinox-waterproof-adaptor?tracking=fa202437c9",""
"https://www.paulcee.co.uk/blog/?minelab-equinox-15-inch-coil-review","minelab equinox 15 inch coil review - Blog","Minelab Equinox 15 inch coil, review and depth setup","https://www.paulcee.co.uk/blog/?minelab-equinox-15-inch-coil-review","BlogPosting BreadcrumbList","","",""
"https://www.paulcee.co.uk/blog/?equinox-eqx-15-dd-smart-coil","Equinox EQX 15 DD smart coil - Blog","Minelab Equinox large coil, 15 inch smart DD search coil","https://www.paulcee.co.uk/blog/?equinox-eqx-15-dd-smart-coil","BlogPosting BreadcrumbList","","https://www.crawfordsmd.com/minelab-equinox-15inch-coil?tracking=fa202437c9","o52tvG7YTYw"
"https://www.paulcee.co.uk/blog/?minelab-equinox-custom-cover","Minelab equinox custom cover - Blog","Minelab Equinox screen protector and dust cover, keep the screen a button clean and free from dirt, also for the manticore and xterra detectors","https://www.paulcee.co.uk/blog/?minelab-equinox-custom-cover","BlogPosting BreadcrumbList","","https://www.crawfordsmd.com/equinox-screen-protector-5pack?tracking=fa202437c9",""
"https://www.paulcee.co.uk/blog/?equinox-800-and-silver-coins","Equinox 800 and silver coins - Blog","Equinox and silver coins beach metal detecting","https://www.paulcee.co.uk/blog/?equinox-800-and-silver-coins","BlogPosting BreadcrumbList","","","lT-TDRGKEHU"
"https://www.paulcee.co.uk/blog/?minelab-waterproof-headphones-review","Minelab Waterproof headphones review - Blog","review of minelab waterproof headphones on a minelab equinox, Minelab Manticore and Xterra metal detectors","https://www.paulcee.co.uk/blog/?minelab-waterproof-headphones-review","BlogPosting BreadcrumbList","","https://www.crawfordsmd.com/equinox-waterproof-headphones?tracking=fa202437c9","ZWo_GKE7w5M"
"https://www.paulcee.co.uk/blog/?fine-gold-minelab-equinox-800","Fine gold minelab Equinox 800 - Blog","Slim gold chain found Minelab Equinox 800, dont miss out on the low target numbers of the equinox 800","https://www.paulcee.co.uk/blog/?fine-gold-minelab-equinox-800","BlogPosting BreadcrumbList","","","or-YJmBJUmo"
"https://www.paulcee.co.uk/blog/?equinox-custom-settings-find-gold","minelab Equinox best settings find gold - Blog","set up for detecting the dry and wet sand with the minelab equinox metal detecting on bournemouth beach, with great results","https://www.paulcee.co.uk/blog/?equinox-custom-settings-find-gold","BlogPosting BreadcrumbList","","","2r8JzqbMI4I"
"https://www.paulcee.co.uk/blog/?minelab-ctx3030-gold-metal-detecting","Minelab CTX3030 Gold Metal Detecting - Blog","CTX 3030 gold ring beach metal detecting on bournemouth beach, set up a metal detector to find gold","https://www.paulcee.co.uk/blog/?minelab-ctx3030-gold-metal-detecting","BlogPosting BreadcrumbList","","https://www.crawfordsmd.com/minelab-ctx3030?tracking=fa202437c9","FAOkJMOb0RA"
"https://www.paulcee.co.uk/blog/?minelab-equinox-saltwater","Minelab Equinox Saltwater - Blog","minelab Equinox underwater metal detecting","https://www.paulcee.co.uk/blog/?minelab-equinox-saltwater","BlogPosting BreadcrumbList","","","h6oH5wxp-Lc"
"https://www.paulcee.co.uk/blog/?equinox-wet-sand-settings","Minelab Equinox wet sand settings - Blog","minelab equinox beach settings, stable setting for minelab equinox metal detector on beaches","https://www.paulcee.co.uk/blog/?equinox-wet-sand-settings","BlogPosting BreadcrumbList","","",""
"https://www.paulcee.co.uk/blog/?review-minelab-equinox-15-inch-coil","Review Minelab Equinox 15 inch coil - Blog","how good is the 15 inch coil for the minelab Equinox","https://www.paulcee.co.uk/blog/?review-minelab-equinox-15-inch-coil","BlogPosting BreadcrumbList","","https://www.crawfordsmd.com/minelab-equinox-15inch-coil?tracking=fa202437c9","BeJEug1wOng"
"https://www.paulcee.co.uk/blog/?beach-metal-detecting-find-more-gold","beach metal detecting find more gold - Blog","learn how to metal detect on a beach and find gold","https://www.paulcee.co.uk/blog/?beach-metal-detecting-find-more-gold","BlogPosting BreadcrumbList","","https://www.crawfordsmd.com/?tracking=fa202437c9","Eq34tJFY1b8"
"https://www.paulcee.co.uk/blog/?equinox-deep-settings-super-result","equinox deep settings super result - Blog","Minelab equinox deep settings","https://www.paulcee.co.uk/blog/?equinox-deep-settings-super-result","BlogPosting BreadcrumbList","","","r1fFcEcRDB4"
"https://www.paulcee.co.uk/blog/?deep-setting-more-gold","deep setting more gold - Blog","set up the minelab equinox too search deep on the beach","https://www.paulcee.co.uk/blog/?deep-setting-more-gold","BlogPosting BreadcrumbList","","","N_FNehAqOgc"
"https://www.paulcee.co.uk/blog/?minelab-equinox-depth","Minelab Equinox Depth - Blog","how deep will the minelab equinox detect on the beach","https://www.paulcee.co.uk/blog/?minelab-equinox-depth","BlogPosting BreadcrumbList","","",""
"https://www.paulcee.co.uk/blog/?minelab-equinox-settings-for-cleethorpes-beach","Minelab Equinox Settings for Cleethorpes beach - Blog","Where and how to metal detect on cleethorpes beach with a Minelab Equinox","https://www.paulcee.co.uk/blog/?minelab-equinox-settings-for-cleethorpes-beach","BlogPosting BreadcrumbList","","","LyTp6fbcUq4"
"https://www.paulcee.co.uk/blog/?equinox-update","Equinox update - Blog","minelab equinox update what is missing, how to install and where to find it","https://www.paulcee.co.uk/blog/?equinox-update","BlogPosting BreadcrumbList","","http://bit.ly/2VcUX0q",""
"https://www.paulcee.co.uk/blog/?find-more-gold","find more gold metal detecting - Blog","find more gold with a minelab equinox when metal detecting on the beach, we show you how","https://www.paulcee.co.uk/blog/?find-more-gold","BlogPosting BreadcrumbList","","","83aoC71wWPI"
"https://www.paulcee.co.uk/blog/?gold-found-beach-metal-detecting","gold found beach metal detecting - Blog","minelab equinox 800 will find gold metal detecting on the beach","https://www.paulcee.co.uk/blog/?gold-found-beach-metal-detecting","BlogPosting BreadcrumbList","","",""
"https://www.paulcee.co.uk/blog/?equinox-15-inch-coil","Minelab Equinox 15 inch coil - Blog","15 inch search coil for the minelab equinox and x-terra Pro metal detectors, improve depth a still have fast recovery speed with this elliptical coil","https://www.paulcee.co.uk/blog/?equinox-15-inch-coil","BlogPosting BreadcrumbList","","","BeJEug1wOng"
"https://www.paulcee.co.uk/blog/?minelab-equinox-6-inch-coil","Minelab Equinox 6 small coil - Blog","how good is the six inch coil for the minelab equinox and x terra metal detectors","https://www.paulcee.co.uk/blog/?minelab-equinox-6-inch-coil","BlogPosting BreadcrumbList","","","9b8n0CtNnIg"
"https://www.paulcee.co.uk/blog/?minelab-equinox-6-inch-coil-1","Minelab Equinox 6 inch coil - Blog","cleethorpes beach metal detecting with a minelab equinox and 6 inch coil","https://www.paulcee.co.uk/blog/?minelab-equinox-6-inch-coil-1","BlogPosting BreadcrumbList","","","NRWZGGEqIZw"
"https://www.paulcee.co.uk/blog/?ctx-3030-beach-metal-detecting-gold","CTX 3030 Beach Metal Detecting Gold - Blog","Bournemouth beach metal detecting, where to look for gold and how to find it","https://www.paulcee.co.uk/blog/?ctx-3030-beach-metal-detecting-gold","BlogPosting BreadcrumbList","","","FAOkJMOb0RA"
"https://www.paulcee.co.uk/blog/?ctx-3030-finds-gold","CTX 3030 Finds gold - Blog","minelab ctx 3030 beach metal detecting on bournemouth beach for gold","https://www.paulcee.co.uk/blog/?ctx-3030-finds-gold","BlogPosting BreadcrumbList","","","FAOkJMOb0RA"
"https://www.paulcee.co.uk/blog/?equinox-gold","Minelab Equinox 800 Gold - Blog","Gold found with the minelab equinox 800, set up for dry sand coin shooting","https://www.paulcee.co.uk/blog/?equinox-gold","BlogPosting BreadcrumbList","","","wjKIhSsxAGM"
"https://www.paulcee.co.uk/blog/?best-equinox-headphones","best minelab equinox earbuds - Blog","Minelab Equinox best earbuds that are not expensive with a great tone sound, fit nicely in your ears and can work in bad weather under a balaclava","https://www.paulcee.co.uk/blog/?best-equinox-headphones","BlogPosting BreadcrumbList","","",""
"https://www.paulcee.co.uk/blog/?equinox-wm08-waterproofing","Equinox WM08 waterproofing - Blog","Minelab Equinox wm08 how to use in water and rain","https://www.paulcee.co.uk/blog/?equinox-wm08-waterproofing","BlogPosting BreadcrumbList","","http://bit.ly/2VcUX0q","yx1Qsg5shLg"
"https://www.paulcee.co.uk/blog/?minelab-equinox-beach-detecting","Minelab Equinox Beach Detecting - Blog","minelab equinox settings for beach metal detecting at cleethorpes","https://www.paulcee.co.uk/blog/?minelab-equinox-beach-detecting","BlogPosting BreadcrumbList","","","dWssiiW5bxI"
"https://www.paulcee.co.uk/blog/?minelab-equinox-review","Minelab Equinox gold and silver ID - Blog","tones and target id for gold and silver on the Minelab Equinox, where will hammered coins and gold show up on the target id","https://www.paulcee.co.uk/blog/?minelab-equinox-review","BlogPosting BreadcrumbList","","","cKO0UGu68m0"
"https://www.paulcee.co.uk/blog/?ctx-3030-silver-coin","CTX 3030 Silver Coin - Blog","metal detecting cleethorpes beach","https://www.paulcee.co.uk/blog/?ctx-3030-silver-coin","BlogPosting BreadcrumbList","","","jeSeD-hjloU"
"https://www.paulcee.co.uk/blog/?minelab-ctx-3030-ring-on-the-beach","Minelab Ctx 3030 Ring on the beach - Blog","still a great detector for searching on the beach, here we are detecting cleethorpes beach","https://www.paulcee.co.uk/blog/?minelab-ctx-3030-ring-on-the-beach","BlogPosting BreadcrumbList","","","eix0VzuC_6o"
"https://www.paulcee.co.uk/blog/?metal-detecting-washouts-and-cuts","metal Detecting Washouts and Cuts - Blog","why you should metal detect in washouts and cuts on a beach","https://www.paulcee.co.uk/blog/?metal-detecting-washouts-and-cuts","BlogPosting BreadcrumbList","","","QN-Dq6b-Ovo"
"https://www.paulcee.co.uk/blog/?storm-beach-metal-detecting","beach metal detecting after a storm - Blog","it can be great metal detecting on a beach after a big storm, the sand can move so much and you will be rewarded for you searching","https://www.paulcee.co.uk/blog/?storm-beach-metal-detecting","BlogPosting BreadcrumbList","","","qfxzEFaS20Q"
"https://www.paulcee.co.uk/blog/?rockpool-metal-detecting-treasure","Rockpool metal detecting for treasure - Blog","metal detect in rockpools that will hold treasure, when you are searching on the shoreline","https://www.paulcee.co.uk/blog/?rockpool-metal-detecting-treasure","BlogPosting BreadcrumbList","","","yQUWrvthlvI"
"https://www.paulcee.co.uk/blog/?find-gold-with-a-metal-detector","Find gold with a metal detector - Blog","Minelab CTX 3030 is still a great detector for beach detecting and can find gold, metal detecting at night on the beach","https://www.paulcee.co.uk/blog/?find-gold-with-a-metal-detector","BlogPosting BreadcrumbList","","","UYd3sUZRDtI"
"https://www.paulcee.co.uk/blog/?metal-detecting-cuts-on-the-beach","metal detecting Cuts on the beach - Blog","why you should metal detect cut on the beach","https://www.paulcee.co.uk/blog/?metal-detecting-cuts-on-the-beach","BlogPosting BreadcrumbList","","https://www.crawfordsmd.com/?tracking=fa202437c9","O4mWR8ccvtY"
"https://www.paulcee.co.uk/blog/?can-you-find-treasure-on-the-beach","can you find treasure on the beach - Blog","metal detecting cleethorpes beach","https://www.paulcee.co.uk/blog/?can-you-find-treasure-on-the-beach","BlogPosting BreadcrumbList","","","JZSa6mnc7Qk"
"https://www.paulcee.co.uk/blog/?where-to-find-gold-beach-detecting","where to find gold beach detecting - Blog","minelab ctx 3030, best metal detector for finding gold lost on the beach","https://www.paulcee.co.uk/blog/?where-to-find-gold-beach-detecting","BlogPosting BreadcrumbList","","","UYd3sUZRDtI"
"https://www.paulcee.co.uk/blog/?where-to-look-for-treasure","find treasure metal detecting - Blog","where and how find treasure metal detecting on the beach","https://www.paulcee.co.uk/blog/?where-to-look-for-treasure","BlogPosting BreadcrumbList","","","AERf7YZMazA"
"https://www.paulcee.co.uk/blog/?rare-find-again","cleethorpes beach detecting - Blog","metal detecting rivers uk, minelab ctx3030, metal detecting uk beach","https://www.paulcee.co.uk/blog/?rare-find-again","BlogPosting BreadcrumbList","","","dvjzcvP891U"
"https://www.paulcee.co.uk/blog/?rare-coin-beach-detecting","Rare Coin beach Detecting cleethorpes - Blog","rare coin found metal detecting cleethorpes beach in the uk","https://www.paulcee.co.uk/blog/?rare-coin-beach-detecting","BlogPosting BreadcrumbList","","https://www.crawfordsmd.com/?tracking=fa202437c9","84IFqoF3-EA"
"https://www.paulcee.co.uk/blog/?ctx3030-silver-coins-beach-detecting-1","CTX3030 Silver coins beach detecting - Blog","beach metal detecting uk in a storm, minelab ctx 3030","https://www.paulcee.co.uk/blog/?ctx3030-silver-coins-beach-detecting-1","BlogPosting BreadcrumbList","","","L70mC8dcKWM"
"https://www.paulcee.co.uk/blog/?x-terra-305-review-finding-a-ring-beach-metal-detecting","minelab X-terra Review - Blog","minelab xterra 305 review, minelab xterra metal detector","https://www.paulcee.co.uk/blog/?x-terra-305-review-finding-a-ring-beach-metal-detecting","BlogPosting BreadcrumbList","","",""
"https://www.paulcee.co.uk/blog/?etrac-metal-detecting-beaches","Etrac metal detecting Beaches - Blog","minelab etrac, metal detecting uk beach, minelab etrac metal detecting, where to metal detect","https://www.paulcee.co.uk/blog/?etrac-metal-detecting-beaches","BlogPosting BreadcrumbList","","","U5-fqV1hrSk"
"https://www.paulcee.co.uk/blog/?x-terra-305-beach-detecting","minelab X Terra beach detecting - Blog","minelab xterra metal detector, learn to metal detect, metal detector for beginners, how to metal detect, metal detector review","https://www.paulcee.co.uk/blog/?x-terra-305-beach-detecting","BlogPosting BreadcrumbList","","","jHDV-SjzJ9M"
"https://www.paulcee.co.uk/blog/?garrett-seahunter-beach-metal-detecting","Garrett Seahunter beach metal detecting - Blog","garrett seahunter uk, seahunter mk2 metal detector, garrett metal detector uk, garrett beach metal detector uk ","https://www.paulcee.co.uk/blog/?garrett-seahunter-beach-metal-detecting","BlogPosting BreadcrumbList","","","HKCuwvChnmQ"
"https://www.paulcee.co.uk/blog/?treasure-hunting-with-the-ctx3030","Treasure hunting with the CTX3030 - Blog","metal detecting on cleethorpes beach","https://www.paulcee.co.uk/blog/?treasure-hunting-with-the-ctx3030","BlogPosting BreadcrumbList","","",""
"https://www.paulcee.co.uk/blog/?ctx-3030-beach-metal-detecting","ctx 3030 beach metal detecting uk - Blog","metal detecting uk, minelab ctx 3030, treasure hunting uk","https://www.paulcee.co.uk/blog/?ctx-3030-beach-metal-detecting","BlogPosting BreadcrumbList","","","kP7iD6LW3oI"
"https://www.paulcee.co.uk/blog/?beach-metal-detecting-gold-and-silver-rings","Bournemouth beach Gold and silver rings - Blog","metal detecting bournemouth beach, you can find gold and silver with a metal detector, using the minelab CTX 3030 ","https://www.paulcee.co.uk/blog/?beach-metal-detecting-gold-and-silver-rings","BlogPosting BreadcrumbList","","http://bit.ly/2VcUX0q","dtvHEqKLIOk"
"https://www.paulcee.co.uk/blog/?ring-recovery-bournemouth-beach-detecting","Ring Recovery Bournemouth beach Detecting - Blog","ring finder in bournemouth","https://www.paulcee.co.uk/blog/?ring-recovery-bournemouth-beach-detecting","BlogPosting BreadcrumbList","","","X8b27CCjuFQ"
"https://www.paulcee.co.uk/blog/?ctx3030-17inch-coil-deep-coins-wetsand-metal-detecting","ctx3030 17 inch coil Depth - Blog","minelab ctx 3030 depth is it really a deep metal detector","https://www.paulcee.co.uk/blog/?ctx3030-17inch-coil-deep-coins-wetsand-metal-detecting","BlogPosting BreadcrumbList","","","WYuEwP8RTYE"
"https://www.paulcee.co.uk/blog/?beach-detecting-lincolnshire","beach metal detecting lincolnshire - Blog","beach metal detecting lincolnshire in cleethorpes with a minelab ctx 3030","https://www.paulcee.co.uk/blog/?beach-detecting-lincolnshire","BlogPosting BreadcrumbList","","","9R-FbTuyc2U"
"https://www.paulcee.co.uk/blog/?ctx3030-is-a-deep-searching-detector","CTX3030 is a deep searching detector - Blog","Beach metal Detecting uk, minelab ctx 3030 metal detector, ctx 3030 program for beach","https://www.paulcee.co.uk/blog/?ctx3030-is-a-deep-searching-detector","BlogPosting BreadcrumbList","","","q9KCE5MA3Ek"
"https://www.paulcee.co.uk/blog/?brigg-and-barton-bike-night-2017","Brigg and Barton bike night - Blog","bike nights in lincolnshire can involve 1000s on bikers and motorbikes from every genre, racing bikes classic bikes and custom bikes","https://www.paulcee.co.uk/blog/?brigg-and-barton-bike-night-2017","BlogPosting BreadcrumbList","","","DH0KaM1Udwg"
"https://www.paulcee.co.uk/blog/?skegness-beach-metal-detecting","Skegness Beach Metal Detecting - Blog","skegness beach metal detecting, minelab CTX 3030 and XP Deus","https://www.paulcee.co.uk/blog/?skegness-beach-metal-detecting","BlogPosting BreadcrumbList","","","2KS7Kgcq-Yg"
"https://www.paulcee.co.uk/blog/?garrett-seahunter-mkii-beach-metal-detecting","Garrett Seahunter MKII beach metal detecting - Blog","Garrett Seahunter Mk2 beach metal detecting in the uk","https://www.paulcee.co.uk/blog/?garrett-seahunter-mkii-beach-metal-detecting","BlogPosting BreadcrumbList","","","OvQ1MF8Jk6s"
"https://www.paulcee.co.uk/blog/?ctx3030-17inch-coil-gold-and-coins-on-the-beach-metal-detecting","minelab ctx3030 17inch coil beach detecting - Blog","minelab ctx 3030 beach metal detecting gold","https://www.paulcee.co.uk/blog/?ctx3030-17inch-coil-gold-and-coins-on-the-beach-metal-detecting","BlogPosting BreadcrumbList","","https://www.crawfordsmd.com/?tracking=fa202437c9","eLfAvHVpVuo"
"https://www.paulcee.co.uk/blog/?metal-detecting-beaches-the-true-reality","metal detecting beaches the true reality - Blog","the true reality of beach metal detecting, is it really all gold and lots of money","https://www.paulcee.co.uk/blog/?metal-detecting-beaches-the-true-reality","BlogPosting BreadcrumbList","","","FbX1Yw33dFE"
"https://www.paulcee.co.uk/blog/?mobile-phone-from-the-beach-metal-detecting","Mobile phone found beach metal detecting - Blog","found metal detecting uk minelab ctx 3030 and garrett seahunter mk2","https://www.paulcee.co.uk/blog/?mobile-phone-from-the-beach-metal-detecting","BlogPosting BreadcrumbList","","http://bit.ly/2VcUX0q","67XcxLME1H8"